District Name,District Code,# in Cohort,% Graduated,% Still in School,% Non-Grad Completers,% H.S. Equiv.,% Dropped Out,% Permanently Excluded,End of School Year
Abby Kelley Foster Charter Public (District),4450000,        87,95.4,1.1,0.0,0.0,3.4,0.0,2020
Abington,10000,       118,94.1,3.4,0.0,0.0,2.5,0.0,2020
Academy Of the Pacific Rim Charter Public (District),4120000,        45,93.3,4.4,0.0,2.2,0.0,0.0,2020
Acton-Boxborough,6000000,       457,97.2,2.0,0.2,0.0,0.7,0.0,2020
Advanced Math and Science Academy Charter (District),4300000,       134,100.0,0.0,0.0,0.0,0.0,0.0,2020
Agawam,50000,       276,93.5,0.7,1.4,0.0,4.3,0.0,2020
Amesbury,70000,       165,87.9,9.1,0.0,0.0,3.0,0.0,2020
Amherst-Pelham,6050000,       238,90.3,4.2,0.0,0.0,5.5,0.0,2020
Andover,90000,       441,95.2,3.9,0.0,0.0,0.9,0.0,2020
Arlington,100000,       351,94.9,2.8,0.6,0.0,1.7,0.0,2020
Ashburnham-Westminster,6100000,       172,94.2,5.8,0.0,0.0,0.0,0.0,2020
Ashland,140000,       228,94.3,3.1,0.0,0.4,2.2,0.0,2020
Assabet Valley Regional Vocational Technical,8010000,       266,99.2,0.0,0.0,0.0,0.8,0.0,2020
Athol-Royalston,6150000,        93,81.7,6.5,0.0,0.0,11.8,0.0,2020
Atlantis Charter (District),4910000,        63,90.5,3.2,0.0,0.0,1.6,4.8,2020
Attleboro,160000,       447,90.2,6.9,0.2,0.4,2.2,0.0,2020
Auburn,170000,       182,95.1,2.7,0.0,0.5,1.6,0.0,2020
Avon,180000,        52,90.4,5.8,0.0,1.9,1.9,0.0,2020
Ayer Shirley School District,6160000,       114,89.5,3.5,0.0,0.0,7.0,0.0,2020
Barnstable,200000,       374,85.8,4.5,3.7,1.1,4.8,0.0,2020
Baystate Academy Charter Public School (District),35020000,        54,89.2,3.7,1.9,0.0,5.3,0.0,2020
Bedford,230000,       204,95.1,3.9,0.5,0.0,0.5,0.0,2020
Belchertown,240000,       176,93.2,3.4,0.6,0.6,2.3,0.0,2020
Bellingham,250000,       156,94.2,1.9,1.3,1.3,1.3,0.0,2020
Belmont,260000,       343,96.2,2.9,0.0,0.0,0.9,0.0,2020
Berkshire Arts and Technology Charter Public (District),4140000,        30,90.0,3.3,0.0,0.0,6.7,0.0,2020
Berkshire Hills,6180000,       115,93.0,4.3,0.0,0.9,1.7,0.0,2020
Berlin-Boylston,6200000,        79,97.5,2.5,0.0,0.0,0.0,0.0,2020
Beverly,300000,       310,91.0,3.9,0.0,0.3,4.8,0.0,2020
Billerica,310000,       350,94.6,3.4,0.3,0.6,1.1,0.0,2020
Blackstone Valley Regional Vocational Technical,8050000,       298,99.0,0.3,0.3,0.0,0.3,0.0,2020
Blackstone-Millville,6220000,       113,90.3,5.3,0.0,0.9,3.5,0.0,2020
Blue Hills Regional Vocational Technical,8060000,       191,97.9,1.0,0.0,0.0,1.0,0.0,2020
Boston,350000,"     3,923",75.4,13.8,0.1,0.4,10.4,0.0,2020
Boston Collegiate Charter (District),4490000,        63,88.9,11.1,0.0,0.0,0.0,0.0,2020
Boston Day and Evening Academy Charter (District),4240000,       151,6.0,63.6,0.0,0.7,29.8,0.0,2020
Boston Green Academy Horace Mann Charter School (District),4110000,        77,80.5,9.1,1.3,0.0,9.1,0.0,2020
Boston Preparatory Charter Public (District),4160000,        48,89.6,10.4,0.0,0.0,0.0,0.0,2020
Bourne,360000,       140,88.6,5.0,0.0,0.0,6.4,0.0,2020
Braintree,400000,       431,94.9,2.3,0.2,0.2,2.3,0.0,2020
Bridgewater-Raynham,6250000,       384,92.7,4.9,1.0,0.0,1.3,0.0,2020
Bristol County Agricultural,9100000,       109,95.4,0.0,0.0,0.0,4.6,0.0,2020
Bristol-Plymouth Regional Vocational Technical,8100000,       280,97.1,0.4,1.4,0.0,1.1,0.0,2020
Brockton,440000,"     1,276",79.6,10.0,2.6,0.4,7.4,0.0,2020
Brooke Charter School (District),4280000,        62,87.1,1.6,0.0,0.0,11.3,0.0,2020
Brookline,460000,       488,94.5,3.7,0.0,0.8,1.0,0.0,2020
Burlington,480000,       266,94.4,3.4,1.1,0.0,1.1,0.0,2020
Cambridge,490000,       527,89.2,5.9,1.1,0.4,3.4,0.0,2020
Canton,500000,       243,96.3,2.1,0.0,0.0,1.6,0.0,2020
Cape Cod Regional Vocational Technical,8150000,       139,96.4,1.4,0.0,0.0,2.2,0.0,2020
Carver,520000,       103,94.2,1.9,0.0,0.0,3.9,0.0,2020
Central Berkshire,6350000,       121,93.4,1.7,0.0,0.0,5.0,0.0,2020
Chelmsford,560000,       367,97.3,1.9,0.0,0.0,0.8,0.0,2020
Chelsea,570000,       415,66.3,19.3,0.0,0.7,13.7,0.0,2020
Chicopee,610000,       553,85.2,4.9,0.2,1.1,8.7,0.0,2020
City on a Hill Charter Public School Circuit Street (District),4370000,        58,65.5,32.8,0.0,0.0,1.7,0.0,2020
City on a Hill Charter Public School Dudley Square (District),35040000,        44,95.7,0.0,0.0,0.0,4.4,0.0,2020
City on a Hill Charter Public School New Bedford (District),35070000,        35,71.4,0.0,11.9,0.0,16.7,0.0,2020
Clinton,640000,       112,89.3,4.5,0.0,0.9,5.4,0.0,2020
Codman Academy Charter Public (District),4380000,        29,93.1,3.4,0.0,0.0,3.4,0.0,2020
Cohasset,650000,       121,97.5,2.5,0.0,0.0,0.0,0.0,2020
Community Charter School of Cambridge (District),4360000,        46,100.0,0.0,0.0,0.0,0.0,0.0,2020
Concord-Carlisle,6400000,       296,98.3,1.4,0.0,0.3,0.0,0.0,2020
Danvers,710000,       237,95.8,3.0,0.0,0.4,0.8,0.0,2020
Dartmouth,720000,       268,91.8,4.9,0.0,0.0,3.4,0.0,2020
Dedham,730000,       205,93.2,3.9,0.0,0.0,2.9,0.0,2020
Dennis-Yarmouth,6450000,       199,92.5,3.0,0.0,0.5,4.0,0.0,2020
Dighton-Rehoboth,6500000,       190,92.1,4.2,1.1,0.0,2.6,0.0,2020
Douglas,770000,       109,89.0,7.3,0.0,0.9,2.8,0.0,2020
Dover-Sherborn,6550000,       168,96.4,3.6,0.0,0.0,0.0,0.0,2020
Dracut,790000,       211,92.4,4.3,1.9,0.0,1.4,0.0,2020
Dudley-Charlton Reg,6580000,       274,94.9,1.5,0.0,0.7,2.9,0.0,2020
Duxbury,820000,       256,99.2,0.8,0.0,0.0,0.0,0.0,2020
East Bridgewater,830000,       167,98.8,1.2,0.0,0.0,0.0,0.0,2020
East Longmeadow,870000,       227,97.4,0.9,0.0,0.0,1.8,0.0,2020
Easthampton,860000,       124,91.1,2.4,3.2,0.0,3.2,0.0,2020
Easton,880000,       275,94.5,4.7,0.0,0.0,0.7,0.0,2020
Edward M. Kennedy Academy for Health Careers (Horace Mann Charter) (District),4520000,        84,97.6,2.4,0.0,0.0,0.0,0.0,2020
Essex North Shore Agricultural and Technical School District,8170000,       333,99.7,0.0,0.0,0.3,0.0,0.0,2020
Everett,930000,       550,75.5,7.5,5.5,0.0,11.6,0.0,2020
Excel Academy Charter (District),4100000,       145,95.2,0.7,0.0,1.4,2.8,0.0,2020
Fairhaven,940000,       164,95.1,2.4,0.0,0.0,2.4,0.0,2020
Fall River,950000,       644,71.4,4.5,9.0,1.6,13.5,0.0,2020
Falmouth,960000,       219,90.0,2.7,0.0,1.8,5.5,0.0,2020
Fitchburg,970000,       376,87.2,6.1,0.8,0.5,5.3,0.0,2020
Four Rivers Charter Public (District),4130000,        37,83.8,2.7,0.0,5.4,8.1,0.0,2020
Foxborough,990000,       216,95.8,3.7,0.0,0.0,0.5,0.0,2020
Foxborough Regional Charter (District),4460000,        61,100.0,0.0,0.0,0.0,0.0,0.0,2020
Framingham,1000000,       599,82.6,7.7,1.3,0.5,7.8,0.0,2020
Francis W. Parker Charter Essential (District),4780000,        53,92.5,5.7,0.0,1.9,0.0,0.0,2020
Franklin,1010000,       436,97.0,2.3,0.0,0.0,0.7,0.0,2020
Franklin County Regional Vocational Technical,8180000,       117,86.3,5.1,1.7,0.9,6.0,0.0,2020
Freetown-Lakeville,6650000,       181,95.6,2.2,1.1,0.0,1.1,0.0,2020
Frontier,6700000,       101,92.1,5.0,0.0,0.0,3.0,0.0,2020
Gardner,1030000,       209,83.3,8.1,0.0,0.5,8.1,0.0,2020
Gateway,6720000,        56,92.9,3.6,0.0,0.0,3.6,0.0,2020
Georgetown,1050000,       112,95.5,1.8,0.0,0.0,2.7,0.0,2020
Gill-Montague,6740000,        58,79.3,8.6,0.0,3.4,8.6,0.0,2020
Global Learning Charter Public (District),4960000,        32,93.8,3.1,0.0,0.0,3.1,0.0,2020
Gloucester,1070000,       190,83.7,9.5,0.5,0.5,5.8,0.0,2020
Grafton,1100000,       212,91.5,3.3,0.0,0.5,4.7,0.0,2020
Granby,1110000,        58,96.6,1.7,0.0,0.0,1.7,0.0,2020
Greater Fall River Regional Vocational Technical,8210000,       338,95.6,0.6,0.6,0.3,3.0,0.0,2020
Greater Lawrence Regional Vocational Technical,8230000,       368,96.2,2.2,0.0,0.5,1.1,0.0,2020
Greater Lowell Regional Vocational Technical,8280000,       513,94.7,2.3,0.6,0.4,1.9,0.0,2020
Greater New Bedford Regional Vocational Technical,8250000,       546,91.6,1.6,0.0,0.0,6.4,0.4,2020
Greenfield,1140000,        73,90.4,5.5,0.0,2.7,1.4,0.0,2020
Greenfield Commonwealth Virtual District,39010000,       118,38.1,20.3,0.0,5.1,36.4,0.0,2020
Groton-Dunstable,6730000,       185,97.8,2.2,0.0,0.0,0.0,0.0,2020
Hadley,1170000,        33,87.9,6.1,0.0,0.0,6.1,0.0,2020
Hamilton-Wenham,6750000,       143,97.2,1.4,0.7,0.0,0.7,0.0,2020
Hampden Charter School of Science East (District),4990000,        48,95.8,4.2,0.0,0.0,0.0,0.0,2020
Hampden-Wilbraham,6800000,       266,96.2,0.4,0.0,0.8,2.6,0.0,2020
Hampshire,6830000,       124,93.5,0.0,0.0,2.4,4.0,0.0,2020
Hanover,1220000,       190,96.8,2.6,0.0,0.0,0.5,0.0,2020
Harvard,1250000,        90,96.7,2.2,0.0,0.0,1.1,0.0,2020
Hatfield,1270000,        32,96.9,0.0,0.0,0.0,3.1,0.0,2020
Haverhill,1280000,       491,80.4,10.4,0.4,1.0,7.7,0.0,2020
Hingham,1310000,       311,98.4,1.3,0.0,0.3,0.0,0.0,2020
Holbrook,1330000,        81,88.9,4.9,1.2,2.5,2.5,0.0,2020
Holliston,1360000,       229,96.1,3.5,0.0,0.0,0.4,0.0,2020
Holyoke,1370000,       383,72.1,10.7,3.4,1.3,12.5,0.0,2020
Hoosac Valley Regional,6030000,        75,84.0,8.0,1.3,0.0,6.7,0.0,2020
Hopedale,1380000,        73,93.2,1.4,2.7,1.4,1.4,0.0,2020
Hopkinton,1390000,       297,98.7,1.3,0.0,0.0,0.0,0.0,2020
Hudson,1410000,       192,90.1,5.7,0.0,1.0,3.1,0.0,2020
Hull,1420000,        72,95.8,1.4,0.0,1.4,1.4,0.0,2020
Innovation Academy Charter (District),4350000,        88,92.0,5.7,0.0,0.0,2.3,0.0,2020
Ipswich,1440000,       142,90.8,4.2,0.0,0.0,4.9,0.0,2020
King Philip,6900000,       345,93.6,4.1,0.3,0.0,2.0,0.0,2020
KIPP Academy Lynn Charter (District),4290000,       109,98.2,0.0,0.0,0.0,1.8,0.0,2020
Lawrence,1490000,       984,72.8,12.0,5.9,0.5,8.8,0.0,2020
Lee,1500000,        53,92.5,5.7,0.0,0.0,1.9,0.0,2020
Leicester,1510000,       135,92.6,3.0,0.0,0.0,4.4,0.0,2020
Lenox,1520000,        62,100.0,0.0,0.0,0.0,0.0,0.0,2020
Leominster,1530000,       444,93.5,3.8,0.5,0.7,1.6,0.0,2020
Lexington,1550000,       564,96.6,3.0,0.0,0.2,0.2,0.0,2020
Lincoln-Sudbury,6950000,       362,95.6,2.8,0.3,0.3,1.1,0.0,2020
Littleton,1580000,       127,90.6,6.3,0.8,0.0,2.4,0.0,2020
Longmeadow,1590000,       256,98.0,1.6,0.0,0.4,0.0,0.0,2020
Lowell,1600000,       863,80.9,7.8,0.2,1.7,9.4,0.0,2020
Lowell Middlesex Academy Charter (District),4580000,        44,18.2,61.4,0.0,0.0,20.5,0.0,2020
Ludlow,1610000,       203,93.6,1.5,1.0,0.5,3.4,0.0,2020
Lunenburg,1620000,        99,98.0,1.0,0.0,0.0,1.0,0.0,2020
Lynn,1630000,"     1,254",79.0,6.1,0.6,0.6,13.7,0.0,2020
Lynnfield,1640000,       159,97.5,1.3,0.0,0.0,1.3,0.0,2020
Ma Academy for Math and Science,4680000,        48,100.0,0.0,0.0,0.0,0.0,0.0,2020
Malden,1650000,       488,78.1,9.0,3.1,0.8,9.0,0.0,2020
Manchester Essex Regional,6980000,       111,99.1,0.9,0.0,0.0,0.0,0.0,2020
Mansfield,1670000,       308,97.1,1.9,0.0,0.0,1.0,0.0,2020
Map Academy Charter School (District),35170000,        40,17.5,82.5,0.0,0.0,0.0,0.0,2020
Marblehead,1680000,       263,95.1,3.4,0.4,0.4,0.8,0.0,2020
Marlborough,1700000,       268,89.9,6.3,0.0,0.0,3.7,0.0,2020
Marshfield,1710000,       332,97.6,0.9,0.0,0.0,1.5,0.0,2020
Martha's Vineyard,7000000,       172,90.1,3.5,1.2,0.0,5.2,0.0,2020
Masconomet,7050000,       291,95.9,2.4,0.0,0.0,1.7,0.0,2020
Mashpee,1720000,       117,90.6,4.3,0.0,0.9,4.3,0.0,2020
MATCH Charter Public School (District),4690000,        72,87.5,8.3,0.0,1.4,2.8,0.0,2020
Maynard,1740000,        98,88.8,2.0,2.0,2.0,5.1,0.0,2020
Medfield,1750000,       211,96.2,1.4,0.0,0.0,2.4,0.0,2020
Medford,1760000,       329,88.8,6.7,0.0,1.2,3.3,0.0,2020
Medway,1770000,       193,96.9,1.6,0.0,1.0,0.5,0.0,2020
Melrose,1780000,       287,95.5,3.8,0.0,0.0,0.7,0.0,2020
Mendon-Upton,7100000,       153,98.0,1.3,0.0,0.0,0.7,0.0,2020
Methuen,1810000,       484,93.2,3.5,0.2,0.4,2.7,0.0,2020
Middleborough,1820000,       189,91.5,4.2,0.0,0.0,3.7,0.5,2020
Milford,1850000,       304,85.5,5.3,0.0,0.7,8.2,0.3,2020
Millbury,1860000,       115,93.9,4.3,0.0,0.0,1.7,0.0,2020
Millis,1870000,        93,96.8,1.1,0.0,0.0,2.2,0.0,2020
Milton,1890000,       236,94.9,3.8,0.0,0.0,1.3,0.0,2020
Minuteman Regional Vocational Technical,8300000,       120,92.5,5.0,0.0,0.0,2.5,0.0,2020
Mohawk Trail,7170000,        48,89.6,6.3,0.0,0.0,4.2,0.0,2020
Monomoy Regional School District,7120000,       122,94.3,3.3,0.0,0.8,1.6,0.0,2020
Monson,1910000,        62,85.5,3.2,0.0,0.0,11.3,0.0,2020
Montachusett Regional Vocational Technical,8320000,       335,98.5,0.9,0.0,0.0,0.6,0.0,2020
Mount Greylock,7150000,        81,100.0,0.0,0.0,0.0,0.0,0.0,2020
Mystic Valley Regional Charter (District),4700000,        82,100.0,0.0,0.0,0.0,0.0,0.0,2020
Nantucket,1970000,       145,86.2,5.5,6.2,0.0,2.1,0.0,2020
Narragansett,7200000,        82,89.0,2.4,0.0,0.0,8.5,0.0,2020
Nashoba,7250000,       220,95.0,0.9,0.0,0.5,3.6,0.0,2020
Nashoba Valley Regional Vocational Technical,8520000,       157,98.1,1.9,0.0,0.0,0.0,0.0,2020
Natick,1980000,       442,97.1,2.0,0.2,0.2,0.5,0.0,2020
Nauset,6600000,       236,95.8,1.3,0.4,0.0,2.5,0.0,2020
Needham,1990000,       406,98.5,1.0,0.2,0.0,0.2,0.0,2020
New Bedford,2010000,       582,80.6,6.9,0.3,0.3,11.9,0.0,2020
Newburyport,2040000,       186,94.6,4.3,0.0,0.5,0.5,0.0,2020
Newton,2070000,"     1,022",96.0,2.8,0.0,0.3,0.9,0.0,2020
Norfolk County Agricultural,9150000,       120,98.3,0.8,0.0,0.0,0.8,0.0,2020
North Adams,2090000,        99,74.7,3.0,4.0,3.0,15.2,0.0,2020
North Andover,2110000,       333,97.3,1.8,0.6,0.0,0.3,0.0,2020
North Attleborough,2120000,       300,94.0,3.0,0.0,0.3,2.7,0.0,2020
North Brookfield,2150000,        42,92.9,4.8,0.0,0.0,2.4,0.0,2020
North Middlesex,7350000,       214,97.7,1.9,0.0,0.0,0.5,0.0,2020
North Reading,2170000,       201,99.0,1.0,0.0,0.0,0.0,0.0,2020
Northampton,2100000,       209,92.8,1.9,0.5,1.4,3.3,0.0,2020
Northampton-Smith Vocational Agricultural,4060000,       115,94.8,0.9,0.0,1.7,2.6,0.0,2020
Northboro-Southboro,7300000,       348,96.6,1.7,0.0,0.0,1.7,0.0,2020
Northbridge,2140000,       121,90.9,3.3,0.0,1.7,4.1,0.0,2020
Northeast Metropolitan Regional Vocational Technical,8530000,       290,97.9,1.0,0.0,0.3,0.7,0.0,2020
Northern Berkshire Regional Vocational Technical,8510000,       117,97.4,2.6,0.0,0.0,0.0,0.0,2020
Norton,2180000,       187,94.1,2.7,0.0,0.0,3.2,0.0,2020
Norwell,2190000,       191,96.9,1.6,0.0,0.5,1.0,0.0,2020
Norwood,2200000,       250,94.8,2.4,0.4,0.0,2.4,0.0,2020
Old Colony Regional Vocational Technical,8550000,       135,99.3,0.7,0.0,0.0,0.0,0.0,2020
Old Rochester,7400000,       180,95.0,2.8,1.1,0.0,1.1,0.0,2020
Oxford,2260000,       106,82.1,5.7,1.9,0.0,10.4,0.0,2020
Palmer,2270000,        89,92.1,5.6,0.0,0.0,2.2,0.0,2020
Pathfinder Regional Vocational Technical,8600000,       161,92.5,3.7,1.9,0.0,1.9,0.0,2020
Paulo Freire Social Justice Charter School (District),35010000,        73,71.4,24.7,0.0,0.0,4.0,0.0,2020
Peabody,2290000,       374,88.0,5.9,0.3,0.0,5.9,0.0,2020
Pembroke,2310000,       192,97.9,2.1,0.0,0.0,0.0,0.0,2020
Pentucket,7450000,       188,94.7,1.6,0.0,0.5,3.2,0.0,2020
Phoenix Academy Public Charter High School Lawrence (District),35180000,        42,19.6,66.1,0.0,0.0,14.3,0.0,2020
Phoenix Academy Public Charter High School Springfield (District),35080000,        62,14.4,57.6,0.0,3.6,24.4,0.0,2020
Phoenix Charter Academy (District),4930000,       101,9.9,31.7,0.0,2.0,56.4,0.0,2020
Pioneer Charter School of Science (District),4940000,        50,94.0,6.0,0.0,0.0,0.0,0.0,2020
Pioneer Charter School of Science II (PCSS-II) (District),35060000,        45,100.0,0.0,0.0,0.0,0.0,0.0,2020
Pioneer Valley,7500000,        40,97.5,0.0,2.5,0.0,0.0,0.0,2020
Pioneer Valley Chinese Immersion Charter (District),4970000,         8,100.0,0.0,0.0,0.0,0.0,0.0,2020
Pioneer Valley Performing Arts Charter Public (District),4790000,        61,96.7,1.6,0.0,0.0,1.6,0.0,2020
Pittsfield,2360000,       396,83.6,5.6,0.0,2.5,8.3,0.0,2020
Plymouth,2390000,       592,93.9,2.2,0.3,0.2,3.4,0.0,2020
Prospect Hill Academy Charter (District),4870000,        64,90.6,4.7,0.0,0.0,4.7,0.0,2020
Quabbin,7530000,       154,89.0,4.5,0.0,1.3,5.2,0.0,2020
Quaboag Regional,7780000,        67,92.5,3.0,1.5,1.5,1.5,0.0,2020
Quincy,2430000,       677,93.2,4.0,1.0,0.1,1.6,0.0,2020
Ralph C Mahar,7550000,       104,79.8,9.6,1.9,0.0,8.7,0.0,2020
Randolph,2440000,       187,75.9,12.3,3.2,1.1,7.5,0.0,2020
Reading,2460000,       314,96.8,3.2,0.0,0.0,0.0,0.0,2020
Revere,2480000,       550,74.5,12.2,2.7,0.4,10.0,0.2,2020
Rising Tide Charter Public (District),4830000,        70,95.7,2.9,0.0,1.4,0.0,0.0,2020
Rockland,2510000,       176,88.1,5.1,0.6,0.0,6.3,0.0,2020
Rockport,2520000,        79,94.9,2.5,1.3,0.0,1.3,0.0,2020
Roxbury Preparatory Charter (District),4840000,       106,85.8,7.5,0.0,0.0,6.6,0.0,2020
Sabis International Charter (District),4410000,        98,92.9,3.1,0.0,1.0,3.1,0.0,2020
Salem,2580000,       276,73.9,11.2,3.6,0.4,10.9,0.0,2020
Salem Academy Charter (District),4850000,        76,81.6,5.3,1.3,0.0,11.8,0.0,2020
Sandwich,2610000,       171,98.2,1.2,0.0,0.6,0.0,0.0,2020
Saugus,2620000,       179,87.7,3.9,0.6,0.6,7.3,0.0,2020
Scituate,2640000,       231,95.7,3.5,0.4,0.0,0.4,0.0,2020
Seekonk,2650000,       148,94.6,4.1,0.0,0.7,0.7,0.0,2020
Sharon,2660000,       273,94.9,4.4,0.0,0.4,0.4,0.0,2020
Shawsheen Valley Regional Vocational Technical,8710000,       309,97.1,2.6,0.0,0.0,0.3,0.0,2020
Shrewsbury,2710000,       505,96.6,2.4,0.0,0.2,0.8,0.0,2020
Silver Lake,7600000,       291,97.6,0.7,0.0,0.0,1.7,0.0,2020
Sizer School: A North Central Charter Essential (District),4740000,        46,95.7,0.0,0.0,0.0,4.3,0.0,2020
Somerset Berkley Regional School District,7630000,       265,95.1,4.2,0.0,0.0,0.8,0.0,2020
Somerville,2740000,       342,88.0,7.6,0.6,0.0,3.8,0.0,2020
South Hadley,2780000,       147,95.9,2.0,0.0,0.0,2.0,0.0,2020
South Middlesex Regional Vocational Technical,8290000,       173,96.0,1.2,0.0,0.6,2.3,0.0,2020
South Shore Charter Public (District),4880000,        72,97.2,1.4,0.0,0.0,1.4,0.0,2020
South Shore Regional Vocational Technical,8730000,       145,95.9,2.1,0.0,0.0,2.1,0.0,2020
Southbridge,2770000,       126,59.5,15.1,10.3,0.8,14.3,0.0,2020
Southeastern Regional Vocational Technical,8720000,       339,97.6,1.5,0.0,0.0,0.9,0.0,2020
Southern Berkshire,7650000,        63,88.9,3.2,0.0,3.2,4.8,0.0,2020
Southern Worcester County Regional Vocational Technical,8760000,       251,96.0,3.2,0.0,0.0,0.8,0.0,2020
Southwick-Tolland-Granville Regional School District,7660000,       116,96.6,0.0,0.0,0.0,3.4,0.0,2020
Spencer-E Brookfield,7670000,        71,78.9,15.5,0.0,0.0,5.6,0.0,2020
Springfield,2810000,"     1,801",77.0,9.1,0.5,0.8,12.5,0.0,2020
Stoneham,2840000,       185,95.7,2.7,0.0,0.5,1.1,0.0,2020
Stoughton,2850000,       277,92.4,4.7,0.4,0.0,2.5,0.0,2020
Sturgis Charter Public (District),4890000,       194,97.9,0.0,0.0,0.0,2.1,0.0,2020
Sutton,2900000,       106,96.2,2.8,0.0,0.0,0.9,0.0,2020
Swampscott,2910000,       163,95.7,3.7,0.0,0.0,0.6,0.0,2020
Swansea,2920000,       133,94.7,4.5,0.0,0.0,0.8,0.0,2020
Tantasqua,7700000,       298,97.0,1.3,0.3,0.7,0.7,0.0,2020
Taunton,2930000,       545,91.9,2.9,1.7,0.0,3.5,0.0,2020
TEC Connections Academy Commonwealth Virtual School District,39020000,       534,42.1,14.4,0.0,7.1,36.3,0.0,2020
Tewksbury,2950000,       234,94.9,2.6,0.0,0.0,2.6,0.0,2020
Tri-County Regional Vocational Technical,8780000,       252,97.2,2.0,0.0,0.0,0.8,0.0,2020
Triton,7730000,       190,89.5,4.2,0.5,2.1,3.7,0.0,2020
Tyngsborough,3010000,       119,96.6,1.7,0.0,0.0,1.7,0.0,2020
Upper Cape Cod Regional Vocational Technical,8790000,       170,99.4,0.0,0.0,0.0,0.6,0.0,2020
Uxbridge,3040000,       142,80.3,12.0,0.7,0.0,7.0,0.0,2020
Wachusett,7750000,       510,95.1,2.9,0.0,0.2,1.8,0.0,2020
Wakefield,3050000,       265,98.1,0.4,0.0,0.4,1.1,0.0,2020
Walpole,3070000,       269,96.7,1.1,0.0,0.0,2.2,0.0,2020
Waltham,3080000,       467,80.7,4.1,0.9,0.2,14.1,0.0,2020
Ware,3090000,        52,76.9,13.5,0.0,1.9,7.7,0.0,2020
Wareham,3100000,       133,79.7,9.0,1.5,0.8,9.0,0.0,2020
Watertown,3140000,       170,83.5,10.6,0.0,0.0,5.9,0.0,2020
Wayland,3150000,       207,97.1,1.9,0.5,0.0,0.5,0.0,2020
Webster,3160000,       116,77.6,7.8,0.0,0.9,13.8,0.0,2020
Wellesley,3170000,       392,95.9,3.6,0.0,0.0,0.5,0.0,2020
West Boylston,3220000,        62,83.9,4.8,0.0,0.0,11.3,0.0,2020
West Bridgewater,3230000,       109,99.1,0.0,0.0,0.0,0.9,0.0,2020
West Springfield,3320000,       305,88.5,5.9,0.3,0.3,4.9,0.0,2020
Westborough,3210000,       269,95.9,3.3,0.4,0.0,0.4,0.0,2020
Westfield,3250000,       473,91.5,3.0,0.4,0.6,4.4,0.0,2020
Westford,3260000,       434,97.5,1.8,0.0,0.2,0.5,0.0,2020
Weston,3300000,       172,97.1,2.9,0.0,0.0,0.0,0.0,2020
Westport,3310000,        55,89.1,5.5,0.0,1.8,3.6,0.0,2020
Westwood,3350000,       240,97.1,2.9,0.0,0.0,0.0,0.0,2020
Weymouth,3360000,       503,87.9,6.0,0.4,0.2,5.6,0.0,2020
Whitman-Hanson,7800000,       283,92.9,6.0,0.0,0.0,1.1,0.0,2020
Whittier Regional Vocational Technical,8850000,       318,98.7,0.0,0.0,0.0,1.3,0.0,2020
Wilmington,3420000,       222,95.0,2.7,0.0,0.5,1.8,0.0,2020
Winchendon,3430000,        91,56.0,26.4,0.0,1.1,16.5,0.0,2020
Winchester,3440000,       343,97.1,2.3,0.3,0.0,0.3,0.0,2020
Winthrop,3460000,       138,89.9,5.8,0.0,0.7,3.6,0.0,2020
Woburn,3470000,       329,86.0,6.1,0.0,0.6,7.0,0.3,2020
Worcester,3480000,"     1,838",87.3,6.1,0.5,0.4,5.7,0.0,2020
State Totals,0,"    74,232",89.0,5.3,0.6,0.4,4.7,0.0,2020
Abby Kelley Foster Charter Public (District),4450000,        88,100.0,0.0,0.0,0.0,0.0,0.0,2023
Abington,10000,       153,88.9,1.3,0.7,0.0,9.2,0.0,2023
Academy Of the Pacific Rim Charter Public (District),4120000,        54,96.3,1.9,0.0,0.0,1.9,0.0,2023
Acton-Boxborough,6000000,       466,96.1,3.2,0.2,0.0,0.4,0.0,2023
Advanced Math and Science Academy Charter (District),4300000,       139,99.3,0.7,0.0,0.0,0.0,0.0,2023
Agawam,50000,       267,88.0,1.1,1.9,0.4,8.6,0.0,2023
Amesbury,70000,       120,88.3,2.5,0.8,0.8,7.5,0.0,2023
Amherst-Pelham,6050000,       219,90.9,4.1,0.9,0.9,3.2,0.0,2023
Andover,90000,       427,96.3,2.6,0.5,0.0,0.7,0.0,2023
Argosy Collegiate Charter School (District),35090000,        55,74.5,7.3,0.0,0.0,16.4,1.8,2023
Arlington,100000,       385,95.6,3.4,0.0,0.0,1.0,0.0,2023
Ashburnham-Westminster,6100000,       167,96.4,1.2,0.0,0.0,2.4,0.0,2023
Ashland,140000,       185,96.2,0.5,0.5,0.0,2.7,0.0,2023
Assabet Valley Regional Vocational Technical,8010000,       263,97.0,0.0,0.0,0.0,3.0,0.0,2023
Athol-Royalston,6150000,        84,84.5,9.5,1.2,0.0,4.8,0.0,2023
Atlantis Charter (District),4910000,        82,92.7,0.0,0.0,0.0,3.7,3.7,2023
Attleboro,160000,       468,90.8,4.5,0.0,0.0,4.7,0.0,2023
Auburn,170000,       195,97.4,0.5,1.0,0.5,0.5,0.0,2023
Avon,180000,        44,95.5,2.3,0.0,0.0,2.3,0.0,2023
Ayer Shirley School District,6160000,        99,88.9,7.1,2.0,0.0,2.0,0.0,2023
Barnstable,200000,       345,84.9,7.5,1.4,0.6,5.5,0.0,2023
Baystate Academy Charter Public School (District),35020000,        54,87.0,1.9,0.0,0.0,9.3,1.9,2023
Bedford,230000,       203,98.0,1.0,0.0,0.5,0.5,0.0,2023
Belchertown,240000,       184,91.8,3.8,0.0,0.0,4.3,0.0,2023
Bellingham,250000,       131,91.6,3.1,0.0,0.0,5.3,0.0,2023
Belmont,260000,       328,95.4,3.7,0.0,0.0,0.9,0.0,2023
Berkshire Arts and Technology Charter Public (District),4140000,        31,90.3,3.2,0.0,0.0,6.5,0.0,2023
Berkshire Hills,6180000,       121,90.1,5.0,0.0,0.0,5.0,0.0,2023
Berlin-Boylston,6200000,        68,91.2,1.5,0.0,0.0,7.4,0.0,2023
Beverly,300000,       327,93.3,4.0,0.6,0.0,2.1,0.0,2023
Billerica,310000,       297,92.6,4.7,0.0,0.7,2.0,0.0,2023
Blackstone Valley Regional Vocational Technical,8050000,       294,100.0,0.0,0.0,0.0,0.0,0.0,2023
Blackstone-Millville,6220000,       103,89.3,0.0,2.9,1.0,6.8,0.0,2023
Blue Hills Regional Vocational Technical,8060000,       208,99.0,0.5,0.0,0.0,0.5,0.0,2023
Boston,350000,"     3,767",80.5,10.9,0.2,0.1,8.3,0.0,2023
Boston Collegiate Charter (District),4490000,        75,92.0,6.7,0.0,0.0,1.3,0.0,2023
Boston Day and Evening Academy Charter (District),4240000,        87,8.0,56.3,1.1,0.0,34.5,0.0,2023
Boston Green Academy Horace Mann Charter School (District),4110000,        63,88.9,7.9,3.2,0.0,0.0,0.0,2023
Boston Preparatory Charter Public (District),4160000,        70,94.3,4.3,1.4,0.0,0.0,0.0,2023
Bourne,360000,        94,91.5,2.1,0.0,1.1,5.3,0.0,2023
Braintree,400000,       418,94.5,2.4,1.0,0.2,1.9,0.0,2023
Bridgewater-Raynham,6250000,       333,93.4,3.3,0.6,0.0,2.4,0.3,2023
Bristol County Agricultural,9100000,       104,98.1,0.0,0.0,0.0,1.9,0.0,2023
Bristol-Plymouth Regional Vocational Technical,8100000,       324,96.0,0.6,0.0,0.0,3.4,0.0,2023
Brockton,440000,"     1,203",74.2,9.8,3.5,0.0,12.5,0.0,2023
Brooke Charter School (District),4280000,       101,94.1,3.0,0.0,0.0,3.0,0.0,2023
Brookline,460000,       486,95.9,2.5,0.0,0.0,1.6,0.0,2023
Burlington,480000,       230,94.8,3.9,0.0,0.0,1.3,0.0,2023
Cambridge,490000,       485,91.5,7.4,0.0,0.2,0.8,0.0,2023
Canton,500000,       222,94.6,3.6,0.0,0.0,1.4,0.5,2023
Cape Cod Regional Vocational Technical,8150000,       155,97.4,0.6,0.0,0.0,1.9,0.0,2023
Carver,520000,        95,91.6,2.1,1.1,0.0,5.3,0.0,2023
Central Berkshire,6350000,       117,94.0,2.6,0.0,0.0,3.4,0.0,2023
Chelmsford,560000,       324,94.4,2.8,0.0,0.3,2.5,0.0,2023
Chelsea,570000,       434,64.1,18.2,2.8,0.0,15.0,0.0,2023
Chicopee,610000,       503,86.9,2.2,1.8,0.6,8.5,0.0,2023
City on a Hill Charter Public School (District),4370000,        38,63.2,13.2,0.0,0.0,23.7,0.0,2023
Clinton,640000,       126,89.7,2.4,0.0,0.8,7.1,0.0,2023
Codman Academy Charter Public (District),4380000,        30,86.7,3.3,0.0,0.0,10.0,0.0,2023
Cohasset,650000,       117,97.4,0.9,0.0,0.0,1.7,0.0,2023
Collegiate Charter School of Lowell (District),35030000,        38,71.1,2.6,2.6,0.0,23.7,0.0,2023
Community Charter School of Cambridge (District),4360000,        29,96.6,3.4,0.0,0.0,0.0,0.0,2023
Concord-Carlisle,6400000,       347,97.4,2.3,0.0,0.0,0.3,0.0,2023
Danvers,710000,       206,93.7,1.9,0.5,0.0,3.9,0.0,2023
Dartmouth,720000,       249,92.4,2.0,0.4,0.0,5.2,0.0,2023
Dedham,730000,       183,90.7,6.0,0.0,0.0,3.3,0.0,2023
Dennis-Yarmouth,6450000,       166,86.7,6.0,2.4,0.0,4.8,0.0,2023
Dighton-Rehoboth,6500000,       170,89.4,3.5,1.2,0.0,5.9,0.0,2023
Douglas,770000,        86,94.2,4.7,0.0,0.0,1.2,0.0,2023
Dover-Sherborn,6550000,       157,97.5,2.5,0.0,0.0,0.0,0.0,2023
Dracut,790000,       212,87.3,5.2,0.9,0.0,6.6,0.0,2023
Dudley-Charlton Reg,6580000,       231,89.2,2.2,0.4,0.9,7.4,0.0,2023
Duxbury,820000,       231,98.3,1.7,0.0,0.0,0.0,0.0,2023
East Bridgewater,830000,       159,97.5,1.3,0.0,0.0,1.3,0.0,2023
East Longmeadow,870000,       222,95.9,2.7,0.0,0.5,0.9,0.0,2023
Easthampton,860000,        98,91.8,2.0,0.0,0.0,6.1,0.0,2023
Easton,880000,       282,95.7,2.5,0.0,0.0,1.8,0.0,2023
Edward M. Kennedy Academy for Health Careers: A Horace Mann Charter Public School (District),4520000,        86,96.5,1.2,0.0,0.0,2.3,0.0,2023
Essex North Shore Agricultural and Technical School District,8170000,       402,97.5,0.5,0.0,0.5,1.5,0.0,2023
Everett,930000,       534,77.7,6.2,2.4,0.0,13.7,0.0,2023
Excel Academy Charter (District),4100000,       162,99.4,0.0,0.0,0.0,0.6,0.0,2023
Fairhaven,940000,       172,93.0,1.7,0.0,0.0,5.2,0.0,2023
Fall River,950000,       697,74.5,3.9,4.3,0.1,17.2,0.0,2023
Falmouth,960000,       218,88.5,2.3,0.0,2.3,6.9,0.0,2023
Fitchburg,970000,       436,87.4,6.0,1.1,0.0,5.5,0.0,2023
Four Rivers Charter Public (District),4130000,        37,91.9,2.7,0.0,0.0,5.4,0.0,2023
Foxborough,990000,       185,97.8,1.1,0.0,0.0,1.1,0.0,2023
Foxborough Regional Charter (District),4460000,        86,98.8,0.0,0.0,0.0,1.2,0.0,2023
Framingham,1000000,       696,75.0,4.7,5.7,0.0,14.5,0.0,2023
Francis W. Parker Charter Essential (District),4780000,        61,98.4,0.0,0.0,0.0,1.6,0.0,2023
Franklin,1010000,       435,97.5,1.8,0.2,0.2,0.2,0.0,2023
Franklin County Regional Vocational Technical,8180000,       131,92.4,0.0,0.0,0.8,6.9,0.0,2023
Freetown-Lakeville,6650000,       191,95.8,2.1,1.0,0.0,1.0,0.0,2023
Frontier,6700000,        92,92.4,3.3,1.1,1.1,2.2,0.0,2023
Gardner,1030000,       178,88.8,6.2,0.0,0.0,5.1,0.0,2023
Gateway,6720000,        43,95.3,0.0,0.0,0.0,4.7,0.0,2023
Georgetown,1050000,        81,95.1,1.2,0.0,0.0,2.5,1.2,2023
Gill-Montague,6740000,        42,76.2,9.5,2.4,0.0,11.9,0.0,2023
Global Learning Charter Public (District),4960000,        44,97.7,0.0,0.0,0.0,2.3,0.0,2023
Gloucester,1070000,       212,83.0,7.5,1.4,0.0,8.0,0.0,2023
Grafton,1100000,       228,97.8,0.9,0.4,0.4,0.4,0.0,2023
Granby,1110000,        58,94.8,1.7,0.0,0.0,3.4,0.0,2023
Greater Commonwealth Virtual District,39010000,       203,56.7,17.7,0.5,1.5,23.6,0.0,2023
Greater Fall River Regional Vocational Technical,8210000,       321,97.5,0.3,0.3,0.0,1.9,0.0,2023
Greater Lawrence Regional Vocational Technical,8230000,       402,99.8,0.0,0.2,0.0,0.0,0.0,2023
Greater Lowell Regional Vocational Technical,8280000,       537,97.0,1.5,0.2,0.0,1.3,0.0,2023
Greater New Bedford Regional Vocational Technical,8250000,       465,95.7,1.7,0.0,0.0,1.7,0.9,2023
Greenfield,1140000,        92,73.9,10.9,0.0,0.0,15.2,0.0,2023
Groton-Dunstable,6730000,       171,98.2,1.2,0.0,0.0,0.6,0.0,2023
Hadley,1170000,        39,94.9,2.6,0.0,0.0,2.6,0.0,2023
Hamilton-Wenham,6750000,       134,92.5,3.0,0.0,0.0,4.5,0.0,2023
Hampden Charter School of Science East (District),4990000,        70,91.4,1.4,0.0,0.0,7.1,0.0,2023
Hampden Charter School of Science West (District),35160000,        24,95.8,0.0,0.0,0.0,4.2,0.0,2023
Hampden-Wilbraham,6800000,       235,94.5,0.9,1.3,0.0,3.4,0.0,2023
Hampshire,6830000,       103,97.1,1.0,0.0,0.0,1.9,0.0,2023
Hanover,1220000,       166,98.8,0.0,0.0,0.0,1.2,0.0,2023
Harvard,1250000,        79,94.9,5.1,0.0,0.0,0.0,0.0,2023
Hatfield,1270000,        26,92.3,0.0,0.0,0.0,7.7,0.0,2023
Haverhill,1280000,       476,79.2,11.8,1.3,0.0,7.8,0.0,2023
Hingham,1310000,       323,96.6,2.8,0.0,0.3,0.3,0.0,2023
Holbrook,1330000,        88,89.8,4.5,0.0,0.0,5.7,0.0,2023
Holliston,1360000,       206,94.2,2.9,0.0,0.0,2.9,0.0,2023
Holyoke,1370000,       394,74.6,9.9,2.3,0.0,13.2,0.0,2023
Hoosac Valley Regional,6030000,        53,88.7,3.8,0.0,0.0,7.5,0.0,2023
Hopedale,1380000,        71,87.3,7.0,1.4,0.0,4.2,0.0,2023
Hopkinton,1390000,       316,97.8,1.6,0.3,0.0,0.3,0.0,2023
Hudson,1410000,       175,87.4,5.1,0.0,0.0,7.4,0.0,2023
Hull,1420000,        66,92.4,3.0,0.0,0.0,4.5,0.0,2023
Innovation Academy Charter (District),4350000,        87,89.7,6.9,0.0,0.0,3.4,0.0,2023
Ipswich,1440000,       126,94.4,1.6,0.0,0.0,4.0,0.0,2023
King Philip,6900000,       279,94.3,2.5,0.0,0.0,3.2,0.0,2023
KIPP Academy Lynn Charter (District),4290000,       111,95.5,1.8,0.9,0.0,1.8,0.0,2023
Lawrence,1490000,       919,72.7,9.9,4.9,0.2,12.3,0.0,2023
Lee,1500000,        59,98.3,1.7,0.0,0.0,0.0,0.0,2023
Leicester,1510000,       104,90.4,1.9,0.0,0.0,7.7,0.0,2023
Lenox,1520000,        62,100.0,0.0,0.0,0.0,0.0,0.0,2023
Leominster,1530000,       470,90.6,3.6,2.8,0.0,3.0,0.0,2023
Lexington,1550000,       586,97.6,2.0,0.0,0.0,0.3,0.0,2023
Lincoln-Sudbury,6950000,       365,95.9,3.3,0.0,0.3,0.5,0.0,2023
Littleton,1580000,       113,95.6,1.8,0.0,0.0,2.7,0.0,2023
Longmeadow,1590000,       219,96.3,1.4,0.0,0.0,2.3,0.0,2023
Lowell,1600000,       774,73.5,9.6,3.6,0.3,13.0,0.0,2023
Lowell Middlesex Academy Charter (District),4580000,        31,64.5,29.0,0.0,0.0,6.5,0.0,2023
Ludlow,1610000,       210,90.0,3.3,1.4,0.0,5.2,0.0,2023
Lunenburg,1620000,        96,100.0,0.0,0.0,0.0,0.0,0.0,2023
Lynn,1630000,"     1,290",78.1,4.0,3.8,0.2,14.0,0.0,2023
Lynnfield,1640000,       137,97.1,2.9,0.0,0.0,0.0,0.0,2023
Ma Academy for Math and Science,4680000,        50,100.0,0.0,0.0,0.0,0.0,0.0,2023
Malden,1650000,       466,83.9,6.0,1.3,0.2,8.6,0.0,2023
Manchester Essex Regional,6980000,       125,98.4,1.6,0.0,0.0,0.0,0.0,2023
Mansfield,1670000,       301,95.0,4.7,0.0,0.0,0.3,0.0,2023
Map Academy Charter School (District),35170000,        67,17.9,76.1,0.0,0.0,6.0,0.0,2023
Marblehead,1680000,       229,97.4,2.2,0.0,0.0,0.4,0.0,2023
Marlborough,1700000,       312,84.3,3.2,1.3,0.0,11.2,0.0,2023
Marshfield,1710000,       317,95.0,1.9,0.3,0.0,2.8,0.0,2023
Martha's Vineyard,7000000,       188,88.8,3.2,1.1,0.0,6.9,0.0,2023
Martha's Vineyard Charter Public School (District),4660000,         9,77.8,0.0,0.0,0.0,22.2,0.0,2023
Masconomet,7050000,       282,95.4,2.8,0.0,0.7,1.1,0.0,2023
Mashpee,1720000,       120,95.0,3.3,0.0,0.0,1.7,0.0,2023
Match Charter Public School (District),4690000,        64,90.6,6.3,1.6,0.0,1.6,0.0,2023
Maynard,1740000,        79,89.9,5.1,1.3,0.0,3.8,0.0,2023
Medfield,1750000,       200,98.5,0.5,0.5,0.0,0.5,0.0,2023
Medford,1760000,       337,90.8,2.1,0.6,0.3,6.2,0.0,2023
Medway,1770000,       167,96.4,3.6,0.0,0.0,0.0,0.0,2023
Melrose,1780000,       227,96.9,1.8,0.0,0.0,1.3,0.0,2023
Mendon-Upton,7100000,       145,97.2,1.4,0.0,0.0,1.4,0.0,2023
Methuen,1810000,       503,90.3,4.4,2.6,0.0,2.8,0.0,2023
Middleborough,1820000,       206,94.7,1.9,0.0,0.0,3.4,0.0,2023
Milford,1850000,       372,75.3,7.3,1.6,0.3,15.6,0.0,2023
Millbury,1860000,       135,90.4,3.0,0.0,0.0,6.7,0.0,2023
Millis,1870000,        77,90.9,3.9,0.0,0.0,5.2,0.0,2023
Milton,1890000,       275,96.4,2.9,0.0,0.0,0.7,0.0,2023
Minuteman Regional Vocational Technical,8300000,       159,91.8,3.1,0.0,0.6,3.8,0.6,2023
Mohawk Trail,7170000,        30,83.3,3.3,3.3,0.0,10.0,0.0,2023
Monomoy Regional School District,7120000,       132,90.9,6.1,0.0,0.0,3.0,0.0,2023
Monson,1910000,        41,82.9,4.9,7.3,0.0,4.9,0.0,2023
Montachusett Regional Vocational Technical,8320000,       322,96.6,2.2,0.0,0.3,0.9,0.0,2023
Mount Greylock,7150000,        85,95.3,1.2,0.0,0.0,3.5,0.0,2023
Mystic Valley Regional Charter (District),4700000,        72,100.0,0.0,0.0,0.0,0.0,0.0,2023
Nantucket,1970000,       148,95.9,0.0,0.7,0.0,3.4,0.0,2023
Narragansett,7200000,        66,90.9,4.5,0.0,0.0,4.5,0.0,2023
Nashoba,7250000,       204,94.1,2.5,0.5,0.0,2.9,0.0,2023
Nashoba Valley Regional Vocational Technical,8520000,       164,97.0,1.2,0.0,0.0,1.8,0.0,2023
Natick,1980000,       391,95.9,2.6,0.3,0.0,1.3,0.0,2023
Nauset,6600000,       206,94.7,2.9,0.0,0.5,1.9,0.0,2023
Needham,1990000,       381,98.7,1.3,0.0,0.0,0.0,0.0,2023
Neighborhood House Charter (District),4440000,        61,82.0,8.2,0.0,0.0,9.8,0.0,2023
New Bedford,2010000,       765,78.6,3.0,1.8,0.4,16.2,0.0,2023
New Heights Charter School of Brockton (District),35130000,        86,89.5,1.2,3.5,0.0,5.8,0.0,2023
Newburyport,2040000,       217,95.9,2.8,0.0,0.5,0.9,0.0,2023
Newton,2070000,       997,96.1,3.0,0.0,0.0,0.9,0.0,2023
Norfolk County Agricultural,9150000,       133,99.2,0.8,0.0,0.0,0.0,0.0,2023
North Adams,2090000,        84,72.6,6.0,1.2,0.0,20.2,0.0,2023
North Andover,2110000,       312,96.5,2.6,0.0,0.0,1.0,0.0,2023
North Attleborough,2120000,       273,91.6,4.8,1.5,0.0,2.2,0.0,2023
North Brookfield,2150000,        21,66.7,9.5,4.8,4.8,14.3,0.0,2023
North Middlesex,7350000,       181,95.0,3.3,0.0,0.0,1.7,0.0,2023
North Reading,2170000,       181,95.0,4.4,0.0,0.0,0.6,0.0,2023
Northampton,2100000,       247,94.7,2.8,0.0,0.0,2.4,0.0,2023
Northampton-Smith Vocational Agricultural,4060000,       139,92.1,0.7,0.0,0.7,6.5,0.0,2023
Northboro-Southboro,7300000,       321,97.2,2.2,0.0,0.0,0.6,0.0,2023
Northbridge,2140000,       140,88.6,2.1,0.7,1.4,6.4,0.7,2023
Northeast Metropolitan Regional Vocational Technical,8530000,       287,97.9,0.0,0.0,0.0,1.7,0.3,2023
Northern Berkshire Regional Vocational Technical,8510000,       125,98.4,0.0,0.0,0.0,1.6,0.0,2023
Norton,2180000,       173,92.5,1.2,0.0,0.0,6.4,0.0,2023
Norwell,2190000,       153,98.0,1.3,0.0,0.0,0.7,0.0,2023
Norwood,2200000,       272,93.8,2.9,0.7,0.4,2.2,0.0,2023
Old Colony Regional Vocational Technical,8550000,       142,98.6,0.0,0.0,0.7,0.7,0.0,2023
Old Rochester,7400000,       166,98.8,1.2,0.0,0.0,0.0,0.0,2023
Oxford,2260000,        94,80.9,6.4,1.1,0.0,11.7,0.0,2023
Palmer,2270000,        76,84.2,3.9,1.3,1.3,9.2,0.0,2023
Pathfinder Regional Vocational Technical,8600000,       129,91.5,5.4,0.0,0.0,3.1,0.0,2023
Paulo Freire Social Justice Charter School (District),35010000,        66,68.2,4.5,4.5,3.0,19.7,0.0,2023
Peabody,2290000,       410,82.7,9.8,1.2,0.2,5.9,0.2,2023
Pembroke,2310000,       201,95.0,3.5,0.0,0.5,1.0,0.0,2023
Pentucket,7450000,       165,94.5,1.8,1.8,0.0,1.8,0.0,2023
"Phoenix Academy Charter Public High School, Chelsea (District)",4930000,        47,4.3,40.4,0.0,0.0,55.3,0.0,2023
"Phoenix Academy Public Charter High School, Lawrence (District)",35180000,        24,20.8,25.0,0.0,0.0,54.2,0.0,2023
"Phoenix Academy Public Charter High School, Springfield (District)",35080000,        52,9.6,42.3,0.0,0.0,48.1,0.0,2023
Pioneer Charter School of Science (District),4940000,        43,100.0,0.0,0.0,0.0,0.0,0.0,2023
Pioneer Charter School of Science II (District),35060000,        47,97.9,2.1,0.0,0.0,0.0,0.0,2023
Pioneer Valley,7500000,        52,92.3,5.8,1.9,0.0,0.0,0.0,2023
Pioneer Valley Chinese Immersion Charter (District),4970000,        19,100.0,0.0,0.0,0.0,0.0,0.0,2023
Pioneer Valley Performing Arts Charter Public (District),4790000,        59,96.6,1.7,0.0,0.0,1.7,0.0,2023
Pittsfield,2360000,       387,83.7,5.9,0.0,1.6,8.8,0.0,2023
Plymouth,2390000,       559,95.2,0.5,0.5,0.4,3.4,0.0,2023
Prospect Hill Academy Charter (District),4870000,        65,95.4,3.1,0.0,0.0,1.5,0.0,2023
Quabbin,7530000,       141,83.0,6.4,0.7,0.0,9.9,0.0,2023
Quaboag Regional,7780000,       104,88.5,2.9,1.9,0.0,6.7,0.0,2023
Quincy,2430000,       768,92.8,3.1,2.0,0.0,2.1,0.0,2023
Ralph C Mahar,7550000,        94,78.7,6.4,0.0,0.0,14.9,0.0,2023
Randolph,2440000,       141,76.6,13.5,1.4,0.7,7.8,0.0,2023
Reading,2460000,       302,97.0,2.0,0.0,0.0,1.0,0.0,2023
Revere,2480000,       520,82.3,7.7,1.7,0.0,8.3,0.0,2023
Rising Tide Charter Public (District),4830000,        64,98.4,1.6,0.0,0.0,0.0,0.0,2023
Rockland,2510000,       139,92.8,2.2,0.0,0.0,5.0,0.0,2023
Rockport,2520000,        64,93.8,1.6,0.0,0.0,4.7,0.0,2023
Roxbury Preparatory Charter (District),4840000,       122,82.8,7.4,3.3,1.6,4.9,0.0,2023
Salem,2580000,       248,80.6,9.7,1.2,0.0,8.5,0.0,2023
Salem Academy Charter (District),4850000,        67,95.5,4.5,0.0,0.0,0.0,0.0,2023
Sandwich,2610000,       164,97.0,0.6,0.0,0.0,2.4,0.0,2023
Saugus,2620000,       194,87.1,4.6,1.0,0.5,6.7,0.0,2023
Scituate,2640000,       194,95.4,2.6,0.0,0.5,1.5,0.0,2023
Seekonk,2650000,       139,95.7,1.4,0.0,0.0,2.9,0.0,2023
Sharon,2660000,       289,97.2,2.4,0.0,0.0,0.3,0.0,2023
Shawsheen Valley Regional Vocational Technical,8710000,       282,99.3,0.4,0.0,0.0,0.4,0.0,2023
Shrewsbury,2710000,       462,93.9,3.9,0.0,0.0,2.2,0.0,2023
Silver Lake,7600000,       264,96.2,2.7,0.0,0.0,1.1,0.0,2023
Sizer School: A North Central Charter Essential (District),4740000,        41,90.2,2.4,0.0,0.0,7.3,0.0,2023
Somerset Berkley Regional School District,7630000,       237,95.4,0.8,0.4,0.0,3.4,0.0,2023
Somerville,2740000,       311,85.9,4.2,1.9,0.0,8.0,0.0,2023
South Hadley,2780000,       132,93.9,0.8,0.0,0.0,5.3,0.0,2023
South Middlesex Regional Vocational Technical,8290000,       187,90.9,1.6,2.1,0.0,5.3,0.0,2023
South Shore Charter Public (District),4880000,        78,96.2,2.6,0.0,0.0,1.3,0.0,2023
South Shore Regional Vocational Technical,8730000,       156,97.4,0.0,0.0,0.0,2.6,0.0,2023
Southbridge,2770000,       128,66.4,5.5,7.0,0.8,20.3,0.0,2023
Southeastern Regional Vocational Technical,8720000,       367,97.8,0.8,0.0,0.0,1.4,0.0,2023
Southern Berkshire,7650000,        51,90.2,5.9,0.0,2.0,2.0,0.0,2023
Southern Worcester County Regional Vocational School District,8760000,       270,98.1,0.4,0.0,0.0,1.5,0.0,2023
Southwick-Tolland-Granville Regional School District,7660000,       100,91.0,2.0,2.0,2.0,3.0,0.0,2023
Spencer-E Brookfield,7670000,        84,79.8,6.0,2.4,0.0,11.9,0.0,2023
Springfield,2810000,"     1,769",83.1,6.8,1.6,0.2,8.3,0.0,2023
Springfield International Charter (District),4410000,        84,96.4,1.2,0.0,0.0,2.4,0.0,2023
Stoneham,2840000,       152,92.8,3.3,0.0,0.0,3.9,0.0,2023
Stoughton,2850000,       239,90.0,4.6,0.0,0.0,5.4,0.0,2023
Sturgis Charter Public (District),4890000,       208,98.6,0.5,0.0,0.5,0.5,0.0,2023
Sutton,2900000,        91,96.7,3.3,0.0,0.0,0.0,0.0,2023
Swampscott,2910000,       162,92.0,4.3,0.6,0.0,3.1,0.0,2023
Swansea,2920000,       119,89.1,4.2,0.8,0.0,5.9,0.0,2023
Tantasqua,7700000,       294,91.8,3.1,0.0,0.0,5.1,0.0,2023
Taunton,2930000,       545,89.7,4.4,0.7,0.4,4.8,0.0,2023
TEC Connections Academy Commonwealth Virtual School District,39020000,       542,52.2,15.9,1.3,1.7,29.0,0.0,2023
Tewksbury,2950000,       205,94.1,2.9,0.0,0.0,2.9,0.0,2023
Tri-County Regional Vocational Technical,8780000,       211,98.6,0.5,0.0,0.0,0.9,0.0,2023
Triton,7730000,       185,91.4,3.2,0.5,0.0,4.9,0.0,2023
Tyngsborough,3010000,       111,92.8,4.5,0.9,0.0,1.8,0.0,2023
Upper Cape Cod Regional Vocational Technical,8790000,       156,97.4,0.0,0.0,0.0,2.6,0.0,2023
Uxbridge,3040000,       144,80.6,10.4,2.1,0.7,6.3,0.0,2023
Wachusett,7750000,       499,93.4,4.2,0.0,0.4,2.0,0.0,2023
Wakefield,3050000,       207,96.1,2.4,0.5,0.0,1.0,0.0,2023
Walpole,3070000,       260,92.3,6.2,0.0,0.0,1.5,0.0,2023
Waltham,3080000,       438,79.7,3.9,4.1,0.0,12.3,0.0,2023
Ware,3090000,        64,76.6,12.5,0.0,0.0,10.9,0.0,2023
Wareham,3100000,       120,79.2,7.5,0.0,0.8,12.5,0.0,2023
Watertown,3140000,       172,84.9,7.0,1.2,0.0,7.0,0.0,2023
Wayland,3150000,       188,99.5,0.5,0.0,0.0,0.0,0.0,2023
Webster,3160000,       103,70.9,6.8,3.9,0.0,18.4,0.0,2023
Wellesley,3170000,       362,96.7,3.0,0.3,0.0,0.0,0.0,2023
West Boylston,3220000,        64,93.8,1.6,1.6,0.0,3.1,0.0,2023
West Bridgewater,3230000,       103,95.1,1.0,0.0,1.0,2.9,0.0,2023
West Springfield,3320000,       297,90.9,4.0,0.0,0.0,5.1,0.0,2023
Westborough,3210000,       271,94.1,2.6,0.0,0.0,3.3,0.0,2023
Westfield,3250000,       386,90.9,4.4,0.8,0.0,3.9,0.0,2023
Westford,3260000,       431,96.8,1.6,0.7,0.0,0.9,0.0,2023
Weston,3300000,       159,95.0,4.4,0.0,0.0,0.6,0.0,2023
Westport,3310000,        72,88.9,5.6,0.0,1.4,4.2,0.0,2023
Westwood,3350000,       249,98.4,1.6,0.0,0.0,0.0,0.0,2023
Weymouth,3360000,       446,88.3,4.3,0.0,0.0,7.2,0.2,2023
Whitman-Hanson,7800000,       299,92.0,5.4,0.0,0.0,2.7,0.0,2023
Whittier Regional Vocational Technical,8850000,       322,99.1,0.0,0.0,0.0,0.9,0.0,2023
Wilmington,3420000,       203,93.1,4.9,0.5,0.0,1.5,0.0,2023
Winchendon,3430000,        58,84.5,10.3,0.0,0.0,5.2,0.0,2023
Winchester,3440000,       354,94.1,3.4,0.3,0.3,2.0,0.0,2023
Winthrop,3460000,       136,92.6,1.5,0.0,0.0,5.9,0.0,2023
Woburn,3470000,       291,89.7,4.1,0.3,0.0,5.8,0.0,2023
Worcester,3480000,"     1,862",85.2,6.1,1.1,0.1,7.4,0.0,2023
State Totals,0,"    72,602",89.2,4.5,0.9,0.2,5.3,0.0,2023
Abby Kelley Foster Charter Public (District),4450000,        82,98.8,0.0,0.0,0.0,1.2,0.0,2021
Abington,10000,       163,93.3,2.5,0.0,0.6,3.7,0.0,2021
Academy Of the Pacific Rim Charter Public (District),4120000,        59,93.2,6.8,0.0,0.0,0.0,0.0,2021
Acton-Boxborough,6000000,       439,97.3,2.1,0.0,0.0,0.7,0.0,2021
Advanced Math and Science Academy Charter (District),4300000,       141,98.6,1.4,0.0,0.0,0.0,0.0,2021
Agawam,50000,       286,90.9,2.1,0.3,0.0,6.6,0.0,2021
Amesbury,70000,       161,90.1,5.6,0.0,0.6,3.7,0.0,2021
Amherst-Pelham,6050000,       232,91.8,5.2,0.4,0.9,1.7,0.0,2021
Andover,90000,       460,97.6,1.7,0.0,0.4,0.2,0.0,2021
Argosy Collegiate Charter School (District),35090000,        60,58.3,25.0,0.0,0.0,16.7,0.0,2021
Arlington,100000,       346,95.1,4.6,0.0,0.0,0.3,0.0,2021
Ashburnham-Westminster,6100000,       172,95.3,1.7,0.0,0.0,2.9,0.0,2021
Ashland,140000,       217,96.8,0.9,0.0,0.0,2.3,0.0,2021
Assabet Valley Regional Vocational Technical,8010000,       267,98.5,0.4,0.0,0.0,1.1,0.0,2021
Athol-Royalston,6150000,        91,70.3,6.6,14.3,0.0,8.8,0.0,2021
Atlantis Charter (District),4910000,        86,96.5,2.3,0.0,0.0,1.2,0.0,2021
Attleboro,160000,       471,90.7,4.2,0.0,0.2,4.9,0.0,2021
Auburn,170000,       176,91.5,6.8,0.0,0.0,1.7,0.0,2021
Avon,180000,        46,78.3,17.4,0.0,0.0,4.3,0.0,2021
Ayer Shirley School District,6160000,        86,93.0,3.5,0.0,1.2,2.3,0.0,2021
Barnstable,200000,       405,81.5,12.6,0.2,0.2,5.4,0.0,2021
Baystate Academy Charter Public School (District),35020000,        50,94.0,0.0,0.0,0.0,6.0,0.0,2021
Bedford,230000,       189,95.8,2.6,0.0,0.0,1.6,0.0,2021
Belchertown,240000,       175,96.0,2.3,0.0,0.0,1.7,0.0,2021
Bellingham,250000,       161,93.8,3.1,0.6,1.2,1.2,0.0,2021
Belmont,260000,       322,98.8,1.2,0.0,0.0,0.0,0.0,2021
Berkshire Arts and Technology Charter Public (District),4140000,        31,93.5,0.0,0.0,3.2,3.2,0.0,2021
Berkshire Hills,6180000,       127,90.6,2.4,0.0,0.0,7.1,0.0,2021
Berlin-Boylston,6200000,        82,98.8,1.2,0.0,0.0,0.0,0.0,2021
Beverly,300000,       319,92.2,5.6,0.3,0.3,1.6,0.0,2021
Billerica,310000,       257,94.9,3.1,0.0,0.4,1.6,0.0,2021
Blackstone Valley Regional Vocational Technical,8050000,       301,99.7,0.3,0.0,0.0,0.0,0.0,2021
Blackstone-Millville,6220000,        95,94.7,4.2,0.0,0.0,1.1,0.0,2021
Blue Hills Regional Vocational Technical,8060000,       194,98.5,1.0,0.0,0.5,0.0,0.0,2021
Boston,350000,"     3,867",78.8,13.1,0.2,0.3,7.5,0.0,2021
Boston Collegiate Charter (District),4490000,        69,91.3,7.2,0.0,0.0,1.4,0.0,2021
Boston Day and Evening Academy Charter (District),4240000,       152,5.3,59.9,0.0,2.6,32.2,0.0,2021
Boston Green Academy Horace Mann Charter School (District),4110000,        78,88.5,7.7,0.0,0.0,3.8,0.0,2021
Boston Preparatory Charter Public (District),4160000,        71,88.7,9.9,0.0,0.0,1.4,0.0,2021
Bourne,360000,       123,92.7,4.9,0.0,0.0,2.4,0.0,2021
Braintree,400000,       435,96.1,1.6,0.0,0.2,2.1,0.0,2021
Bridgewater-Raynham,6250000,       377,95.2,3.2,0.0,0.0,1.6,0.0,2021
Bristol County Agricultural,9100000,        98,95.9,1.0,0.0,0.0,3.1,0.0,2021
Bristol-Plymouth Regional Vocational Technical,8100000,       295,95.9,0.3,0.0,0.0,3.7,0.0,2021
Brockton,440000,"     1,153",77.2,11.4,2.7,0.3,8.3,0.0,2021
Brooke Charter School (District),4280000,        42,78.6,11.9,0.0,0.0,9.5,0.0,2021
Brookline,460000,       509,94.9,4.5,0.0,0.0,0.6,0.0,2021
Burlington,480000,       254,93.3,6.3,0.0,0.0,0.4,0.0,2021
Cambridge,490000,       499,90.8,5.6,0.4,0.0,3.2,0.0,2021
Canton,500000,       265,95.5,2.6,0.0,0.0,1.9,0.0,2021
Cape Cod Regional Vocational Technical,8150000,       135,92.6,2.2,0.0,0.0,5.2,0.0,2021
Carver,520000,       107,97.2,0.9,0.9,0.0,0.9,0.0,2021
Central Berkshire,6350000,       135,96.3,0.7,0.0,0.0,3.0,0.0,2021
Chelmsford,560000,       379,95.3,2.6,1.8,0.0,0.3,0.0,2021
Chelsea,570000,       350,66.6,21.4,0.3,0.0,11.7,0.0,2021
Chicopee,610000,       575,87.3,3.3,0.0,0.9,8.5,0.0,2021
City on a Hill Charter Public School Circuit Street (District),4370000,        79,78.5,15.2,0.0,0.0,6.3,0.0,2021
Clinton,640000,       132,90.2,5.3,0.8,0.0,3.8,0.0,2021
Codman Academy Charter Public (District),4380000,        25,84.0,8.0,0.0,0.0,8.0,0.0,2021
Cohasset,650000,       131,97.7,2.3,0.0,0.0,0.0,0.0,2021
Community Charter School of Cambridge (District),4360000,        33,90.9,9.1,0.0,0.0,0.0,0.0,2021
Concord-Carlisle,6400000,       314,98.4,1.6,0.0,0.0,0.0,0.0,2021
Danvers,710000,       243,95.1,2.9,0.0,0.8,1.2,0.0,2021
Dartmouth,720000,       272,92.3,3.7,0.7,0.0,3.3,0.0,2021
Dedham,730000,       189,91.5,4.2,0.0,0.0,4.2,0.0,2021
Dennis-Yarmouth,6450000,       178,89.9,4.5,0.0,0.0,5.6,0.0,2021
Dighton-Rehoboth,6500000,       216,96.3,1.4,0.0,0.0,2.3,0.0,2021
Douglas,770000,        97,85.6,7.2,0.0,1.0,6.2,0.0,2021
Dover-Sherborn,6550000,       176,96.0,2.3,1.7,0.0,0.0,0.0,2021
Dracut,790000,       237,94.5,3.0,0.4,0.0,2.1,0.0,2021
Dudley-Charlton Reg,6580000,       290,90.7,2.8,1.0,0.0,5.5,0.0,2021
Duxbury,820000,       252,96.8,2.8,0.0,0.0,0.4,0.0,2021
East Bridgewater,830000,       153,95.4,2.6,0.0,0.0,2.0,0.0,2021
East Longmeadow,870000,       181,96.7,2.2,0.0,0.0,1.1,0.0,2021
Easthampton,860000,       121,89.3,3.3,0.0,2.5,5.0,0.0,2021
Easton,880000,       276,97.1,1.1,0.0,0.0,1.8,0.0,2021
Edward M. Kennedy Academy for Health Careers (Horace Mann Charter) (District),4520000,        88,98.9,1.1,0.0,0.0,0.0,0.0,2021
Essex North Shore Agricultural and Technical School District,8170000,       350,98.0,0.3,0.0,0.9,0.9,0.0,2021
Everett,930000,       466,83.3,4.3,1.3,0.0,11.2,0.0,2021
Excel Academy Charter (District),4100000,       158,99.4,0.6,0.0,0.0,0.0,0.0,2021
Fairhaven,940000,       201,93.0,1.0,0.0,0.0,6.0,0.0,2021
Fall River,950000,       659,79.7,4.7,0.9,0.3,14.4,0.0,2021
Falmouth,960000,       210,87.6,1.0,0.0,1.4,10.0,0.0,2021
Fitchburg,970000,       397,84.6,10.8,0.8,0.3,3.5,0.0,2021
Four Rivers Charter Public (District),4130000,        32,84.4,3.1,0.0,9.4,3.1,0.0,2021
Foxborough,990000,       189,95.8,2.1,0.0,0.0,2.1,0.0,2021
Foxborough Regional Charter (District),4460000,        65,96.9,0.0,0.0,0.0,3.1,0.0,2021
Framingham,1000000,       615,84.7,7.3,0.2,0.2,7.6,0.0,2021
Francis W. Parker Charter Essential (District),4780000,        60,91.7,6.7,0.0,1.7,0.0,0.0,2021
Franklin,1010000,       460,95.4,2.8,0.0,0.0,1.7,0.0,2021
Franklin County Regional Vocational Technical,8180000,       105,93.3,2.9,0.0,0.0,3.8,0.0,2021
Freetown-Lakeville,6650000,       208,95.7,2.9,1.0,0.0,0.5,0.0,2021
Frontier,6700000,       107,90.7,3.7,0.0,0.9,4.7,0.0,2021
Gardner,1030000,       174,86.8,6.9,0.0,1.7,4.6,0.0,2021
Gateway,6720000,        57,93.0,3.5,0.0,0.0,3.5,0.0,2021
Georgetown,1050000,        92,96.7,1.1,0.0,0.0,2.2,0.0,2021
Gill-Montague,6740000,        64,75.0,12.5,0.0,4.7,7.8,0.0,2021
Global Learning Charter Public (District),4960000,        23,100.0,0.0,0.0,0.0,0.0,0.0,2021
Gloucester,1070000,       185,81.1,5.9,3.8,0.5,8.6,0.0,2021
Grafton,1100000,       191,92.7,2.6,2.6,0.5,1.6,0.0,2021
Granby,1110000,        56,94.6,0.0,0.0,1.8,3.6,0.0,2021
Greater Fall River Regional Vocational Technical,8210000,       351,98.0,0.9,0.3,0.0,0.9,0.0,2021
Greater Lawrence Regional Vocational Technical,8230000,       379,97.6,1.3,0.0,0.0,1.1,0.0,2021
Greater Lowell Regional Vocational Technical,8280000,       542,96.1,1.8,0.6,0.4,1.1,0.0,2021
Greater New Bedford Regional Vocational Technical,8250000,       503,94.8,1.4,0.0,0.0,3.6,0.2,2021
Greenfield,1140000,        91,84.6,7.7,0.0,1.1,6.6,0.0,2021
Greenfield Commonwealth Virtual District,39010000,       124,47.6,18.5,0.0,7.3,26.6,0.0,2021
Groton-Dunstable,6730000,       194,97.9,2.1,0.0,0.0,0.0,0.0,2021
Hadley,1170000,        45,93.3,2.2,0.0,0.0,4.4,0.0,2021
Hamilton-Wenham,6750000,       144,97.2,0.7,0.7,0.0,1.4,0.0,2021
Hampden Charter School of Science East (District),4990000,        55,94.5,1.8,0.0,0.0,3.6,0.0,2021
Hampden-Wilbraham,6800000,       246,97.2,0.8,0.0,0.8,1.2,0.0,2021
Hampshire,6830000,       102,96.1,1.0,0.0,0.0,2.9,0.0,2021
Hanover,1220000,       212,98.6,1.4,0.0,0.0,0.0,0.0,2021
Harvard,1250000,        99,99.0,1.0,0.0,0.0,0.0,0.0,2021
Hatfield,1270000,        25,96.0,0.0,0.0,0.0,4.0,0.0,2021
Haverhill,1280000,       520,81.3,9.6,0.4,0.8,7.9,0.0,2021
Hingham,1310000,       319,95.3,2.8,0.0,0.6,1.3,0.0,2021
Holbrook,1330000,        69,87.0,1.4,1.4,1.4,8.7,0.0,2021
Holliston,1360000,       204,94.1,4.9,0.0,0.0,1.0,0.0,2021
Holyoke,1370000,       419,76.4,10.3,0.2,0.5,12.6,0.0,2021
Hoosac Valley Regional,6030000,        47,83.0,6.4,0.0,0.0,10.6,0.0,2021
Hopedale,1380000,        75,94.7,2.7,1.3,0.0,1.3,0.0,2021
Hopkinton,1390000,       329,99.4,0.3,0.3,0.0,0.0,0.0,2021
Hudson,1410000,       172,83.1,5.2,0.0,0.0,11.6,0.0,2021
Hull,1420000,        74,90.5,4.1,0.0,2.7,2.7,0.0,2021
Innovation Academy Charter (District),4350000,        98,88.8,6.1,0.0,2.0,3.1,0.0,2021
Ipswich,1440000,       142,93.7,4.2,0.0,2.1,0.0,0.0,2021
King Philip,6900000,       307,94.8,3.6,0.3,0.0,1.3,0.0,2021
KIPP Academy Lynn Charter (District),4290000,       120,97.5,0.8,0.0,0.0,1.7,0.0,2021
Lawrence,1490000,       896,78.5,12.3,1.0,0.4,7.8,0.0,2021
Lee,1500000,        66,93.9,1.5,0.0,0.0,4.5,0.0,2021
Leicester,1510000,       101,91.1,4.0,0.0,0.0,5.0,0.0,2021
Lenox,1520000,        61,96.7,3.3,0.0,0.0,0.0,0.0,2021
Leominster,1530000,       474,95.6,2.7,0.4,0.0,1.3,0.0,2021
Lexington,1550000,       544,96.9,2.0,0.0,0.0,1.1,0.0,2021
Lincoln-Sudbury,6950000,       391,96.7,2.6,0.0,0.0,0.8,0.0,2021
Littleton,1580000,       112,94.6,2.7,0.0,0.9,1.8,0.0,2021
Longmeadow,1590000,       222,99.1,0.5,0.0,0.0,0.5,0.0,2021
Lowell,1600000,       866,80.0,10.0,0.7,0.2,9.0,0.0,2021
Lowell Middlesex Academy Charter (District),4580000,        29,17.2,51.7,0.0,0.0,31.0,0.0,2021
Ludlow,1610000,       211,93.4,0.9,0.0,0.9,4.7,0.0,2021
Lunenburg,1620000,       114,94.7,2.6,0.9,0.0,1.8,0.0,2021
Lynn,1630000,"     1,198",84.1,5.3,0.4,0.3,10.0,0.0,2021
Lynnfield,1640000,       168,98.8,1.2,0.0,0.0,0.0,0.0,2021
Ma Academy for Math and Science,4680000,        49,98.0,2.0,0.0,0.0,0.0,0.0,2021
Malden,1650000,       473,81.0,7.2,0.8,0.4,10.6,0.0,2021
Manchester Essex Regional,6980000,       132,93.9,3.8,0.8,0.0,1.5,0.0,2021
Mansfield,1670000,       331,96.4,1.8,0.0,0.0,1.8,0.0,2021
Map Academy Charter School (District),35170000,        60,25.0,70.0,0.0,0.0,5.0,0.0,2021
Marblehead,1680000,       258,95.3,3.5,0.0,0.8,0.4,0.0,2021
Marlborough,1700000,       286,86.4,4.5,0.3,0.7,8.0,0.0,2021
Marshfield,1710000,       312,96.2,2.6,0.0,0.0,1.3,0.0,2021
Martha's Vineyard,7000000,       178,90.4,4.5,1.1,0.6,3.4,0.0,2021
Martha's Vineyard Charter (District),4660000,         8,62.5,12.5,0.0,0.0,25.0,0.0,2021
Masconomet,7050000,       288,95.1,3.1,0.0,0.3,1.4,0.0,2021
Mashpee,1720000,       120,97.5,1.7,0.0,0.0,0.8,0.0,2021
MATCH Charter Public School (District),4690000,        70,95.7,1.4,0.0,0.0,2.9,0.0,2021
Maynard,1740000,        86,84.9,5.8,0.0,2.3,7.0,0.0,2021
Medfield,1750000,       201,96.5,1.5,0.0,0.0,2.0,0.0,2021
Medford,1760000,       302,92.4,2.6,0.0,0.0,5.0,0.0,2021
Medway,1770000,       158,96.8,1.9,0.0,0.0,1.3,0.0,2021
Melrose,1780000,       241,96.7,1.7,0.0,0.4,1.2,0.0,2021
Mendon-Upton,7100000,       163,93.9,2.5,0.0,0.6,3.1,0.0,2021
Methuen,1810000,       489,91.0,3.3,0.8,0.0,4.9,0.0,2021
Middleborough,1820000,       194,94.8,3.1,0.0,0.0,2.1,0.0,2021
Milford,1850000,       309,81.9,6.8,0.0,0.3,11.0,0.0,2021
Millbury,1860000,       127,89.0,2.4,2.4,0.0,6.3,0.0,2021
Millis,1870000,        92,95.7,2.2,0.0,1.1,1.1,0.0,2021
Milton,1890000,       284,94.4,4.6,0.0,0.4,0.7,0.0,2021
Minuteman Regional Vocational Technical,8300000,       147,90.5,4.1,0.0,0.7,4.8,0.0,2021
Mohawk Trail,7170000,        60,85.0,3.3,0.0,0.0,11.7,0.0,2021
Monomoy Regional School District,7120000,       117,95.7,2.6,0.0,0.9,0.9,0.0,2021
Monson,1910000,        62,90.3,4.8,1.6,0.0,3.2,0.0,2021
Montachusett Regional Vocational Technical,8320000,       342,97.4,2.3,0.0,0.0,0.3,0.0,2021
Mount Greylock,7150000,        89,94.4,4.5,0.0,0.0,1.1,0.0,2021
Mystic Valley Regional Charter (District),4700000,        86,98.8,0.0,0.0,0.0,1.2,0.0,2021
Nantucket,1970000,       116,91.4,5.2,1.7,0.0,1.7,0.0,2021
Narragansett,7200000,        60,86.7,3.3,0.0,0.0,10.0,0.0,2021
Nashoba,7250000,       239,96.2,2.9,0.0,0.0,0.8,0.0,2021
Nashoba Valley Regional Vocational Technical,8520000,       177,95.5,2.8,0.0,0.0,1.7,0.0,2021
Natick,1980000,       414,94.9,3.4,0.0,0.5,1.2,0.0,2021
Nauset,6600000,       244,91.0,4.9,0.0,0.8,3.3,0.0,2021
Needham,1990000,       430,97.4,1.9,0.0,0.5,0.2,0.0,2021
Neighborhood House Charter (District),4440000,        63,77.8,15.9,0.0,1.6,4.8,0.0,2021
New Bedford,2010000,       596,79.5,5.7,1.5,0.0,13.3,0.0,2021
New Heights Charter School of Brockton (District),35130000,        95,83.2,6.3,0.0,0.0,10.5,0.0,2021
Newburyport,2040000,       212,93.4,2.8,0.0,0.0,3.8,0.0,2021
Newton,2070000,"     1,009",95.7,3.2,0.0,0.1,1.0,0.0,2021
Norfolk County Agricultural,9150000,       130,98.5,0.0,0.0,0.0,1.5,0.0,2021
North Adams,2090000,        92,81.5,7.6,1.1,0.0,9.8,0.0,2021
North Andover,2110000,       379,97.1,1.8,0.0,0.3,0.8,0.0,2021
North Attleborough,2120000,       270,94.1,3.0,0.4,0.0,2.6,0.0,2021
North Brookfield,2150000,        31,80.6,6.5,0.0,3.2,9.7,0.0,2021
North Middlesex,7350000,       220,90.9,4.5,0.5,0.0,4.1,0.0,2021
North Reading,2170000,       192,96.9,2.1,0.0,0.0,1.0,0.0,2021
Northampton,2100000,       231,94.4,3.0,0.0,0.4,2.2,0.0,2021
Northampton-Smith Vocational Agricultural,4060000,       124,95.2,0.0,0.0,0.0,4.8,0.0,2021
Northboro-Southboro,7300000,       390,97.9,1.3,0.0,0.0,0.8,0.0,2021
Northbridge,2140000,       130,84.6,3.1,0.8,1.5,10.0,0.0,2021
Northeast Metropolitan Regional Vocational Technical,8530000,       303,98.3,0.7,0.0,0.0,0.7,0.3,2021
Northern Berkshire Regional Vocational Technical,8510000,       115,93.0,2.6,0.0,0.0,4.3,0.0,2021
Norton,2180000,       189,95.2,1.6,0.0,0.0,3.2,0.0,2021
Norwell,2190000,       168,98.2,1.2,0.0,0.0,0.6,0.0,2021
Norwood,2200000,       250,95.2,2.8,0.4,0.0,1.6,0.0,2021
Old Colony Regional Vocational Technical,8550000,       130,99.2,0.0,0.0,0.0,0.8,0.0,2021
Old Rochester,7400000,       192,94.8,2.1,0.0,0.0,3.1,0.0,2021
Oxford,2260000,       101,86.1,5.0,1.0,0.0,7.9,0.0,2021
Palmer,2270000,        83,92.8,4.8,0.0,0.0,2.4,0.0,2021
Pathfinder Regional Vocational Technical,8600000,       147,89.1,6.8,0.0,0.0,4.1,0.0,2021
Paulo Freire Social Justice Charter School (District),35010000,        69,76.8,18.8,0.0,0.0,4.3,0.0,2021
Peabody,2290000,       375,84.8,8.0,0.3,0.0,6.9,0.0,2021
Pembroke,2310000,       208,94.2,5.3,0.0,0.0,0.5,0.0,2021
Pentucket,7450000,       197,95.9,1.5,0.0,0.0,2.5,0.0,2021
Phoenix Academy Public Charter High School Lawrence (District),35180000,        50,6.0,60.0,0.0,0.0,34.0,0.0,2021
Phoenix Academy Public Charter High School Springfield (District),35080000,        83,3.6,37.3,0.0,0.0,59.0,0.0,2021
Phoenix Charter Academy (District),4930000,        72,8.3,40.3,0.0,0.0,51.4,0.0,2021
Pioneer Charter School of Science (District),4940000,        51,98.0,2.0,0.0,0.0,0.0,0.0,2021
Pioneer Charter School of Science II (PCSS-II) (District),35060000,        51,98.0,2.0,0.0,0.0,0.0,0.0,2021
Pioneer Valley,7500000,        50,100.0,0.0,0.0,0.0,0.0,0.0,2021
Pioneer Valley Chinese Immersion Charter (District),4970000,        29,96.6,0.0,0.0,0.0,3.4,0.0,2021
Pioneer Valley Performing Arts Charter Public (District),4790000,        60,93.3,1.7,0.0,3.3,1.7,0.0,2021
Pittsfield,2360000,       432,88.0,3.0,0.0,0.7,8.3,0.0,2021
Plymouth,2390000,       587,95.4,2.2,0.0,0.0,2.4,0.0,2021
Prospect Hill Academy Charter (District),4870000,        72,94.4,4.2,0.0,0.0,1.4,0.0,2021
Quabbin,7530000,       166,86.1,8.4,0.0,0.0,5.4,0.0,2021
Quaboag Regional,7780000,        97,90.7,5.2,1.0,1.0,2.1,0.0,2021
Quincy,2430000,       765,91.0,5.4,0.8,0.3,2.6,0.0,2021
Ralph C Mahar,7550000,       102,90.2,4.9,0.0,0.0,4.9,0.0,2021
Randolph,2440000,       193,76.2,9.8,3.6,0.0,10.4,0.0,2021
Reading,2460000,       332,96.7,2.7,0.0,0.0,0.6,0.0,2021
Revere,2480000,       554,83.6,5.8,0.0,0.4,10.3,0.0,2021
Rising Tide Charter Public (District),4830000,        66,98.5,0.0,0.0,0.0,1.5,0.0,2021
Rockland,2510000,       137,90.5,3.6,0.0,0.0,5.8,0.0,2021
Rockport,2520000,        69,92.8,2.9,0.0,0.0,4.3,0.0,2021
Roxbury Preparatory Charter (District),4840000,       104,88.5,5.8,0.0,0.0,5.8,0.0,2021
Sabis International Charter (District),4410000,        99,97.0,1.0,0.0,0.0,2.0,0.0,2021
Salem,2580000,       288,78.5,7.6,1.0,0.3,12.5,0.0,2021
Salem Academy Charter (District),4850000,        59,98.3,1.7,0.0,0.0,0.0,0.0,2021
Sandwich,2610000,       160,95.0,1.9,0.0,0.0,3.1,0.0,2021
Saugus,2620000,       183,85.2,7.7,1.1,0.5,5.5,0.0,2021
Scituate,2640000,       255,95.7,3.9,0.0,0.0,0.4,0.0,2021
Seekonk,2650000,       157,93.0,3.2,0.0,0.6,3.2,0.0,2021
Sharon,2660000,       275,92.0,5.1,0.4,1.1,1.5,0.0,2021
Shawsheen Valley Regional Vocational Technical,8710000,       311,98.1,1.3,0.0,0.0,0.6,0.0,2021
Shrewsbury,2710000,       468,97.2,1.5,0.0,0.0,1.3,0.0,2021
Silver Lake,7600000,       268,96.6,0.4,0.0,0.4,2.6,0.0,2021
Sizer School: A North Central Charter Essential (District),4740000,        49,100.0,0.0,0.0,0.0,0.0,0.0,2021
Somerset Berkley Regional School District,7630000,       239,96.7,1.7,0.0,0.0,1.7,0.0,2021
Somerville,2740000,       297,86.9,7.1,0.0,0.0,6.1,0.0,2021
South Hadley,2780000,       146,96.6,2.1,0.0,0.0,1.4,0.0,2021
South Middlesex Regional Vocational Technical,8290000,       186,91.4,2.2,1.1,0.0,5.4,0.0,2021
South Shore Charter Public (District),4880000,        78,92.3,6.4,0.0,0.0,1.3,0.0,2021
South Shore Regional Vocational Technical,8730000,       157,94.9,0.6,0.0,0.0,4.5,0.0,2021
Southbridge,2770000,       116,55.2,11.2,3.4,0.0,30.2,0.0,2021
Southeastern Regional Vocational Technical,8720000,       361,98.9,0.6,0.0,0.0,0.6,0.0,2021
Southern Berkshire,7650000,        51,92.2,2.0,0.0,0.0,5.9,0.0,2021
Southern Worcester County Regional Vocational Technical,8760000,       268,98.1,0.7,0.0,0.4,0.7,0.0,2021
Southwick-Tolland-Granville Regional School District,7660000,       104,93.3,1.0,0.0,1.0,4.8,0.0,2021
Spencer-E Brookfield,7670000,        63,87.3,3.2,0.0,1.6,7.9,0.0,2021
Springfield,2810000,"     1,705",84.0,7.3,0.1,0.2,8.5,0.0,2021
Stoneham,2840000,       189,91.5,3.7,0.0,0.5,4.2,0.0,2021
Stoughton,2850000,       270,90.4,3.3,0.4,0.4,5.6,0.0,2021
Sturgis Charter Public (District),4890000,       197,98.0,0.5,0.0,0.0,1.5,0.0,2021
Sutton,2900000,        84,96.4,1.2,0.0,0.0,2.4,0.0,2021
Swampscott,2910000,       190,92.6,4.7,0.5,0.0,2.1,0.0,2021
Swansea,2920000,       134,98.5,0.7,0.0,0.0,0.7,0.0,2021
Tantasqua,7700000,       291,96.2,1.7,0.0,0.3,1.7,0.0,2021
Taunton,2930000,       560,90.2,5.0,0.2,0.4,4.3,0.0,2021
TEC Connections Academy Commonwealth Virtual School District,39020000,       503,47.9,11.9,0.2,4.8,35.0,0.2,2021
Tewksbury,2950000,       228,93.9,4.4,0.0,0.0,1.8,0.0,2021
Tri-County Regional Vocational Technical,8780000,       220,98.2,0.9,0.0,0.5,0.5,0.0,2021
Triton,7730000,       163,89.0,5.5,1.2,0.0,4.3,0.0,2021
Tyngsborough,3010000,       117,94.9,2.6,0.9,0.0,1.7,0.0,2021
Upper Cape Cod Regional Vocational Technical,8790000,       172,100.0,0.0,0.0,0.0,0.0,0.0,2021
Uxbridge,3040000,       145,80.0,10.3,1.4,2.1,6.2,0.0,2021
Wachusett,7750000,       520,94.4,3.5,0.0,0.2,1.9,0.0,2021
Wakefield,3050000,       256,96.1,2.0,0.4,0.0,1.6,0.0,2021
Walpole,3070000,       283,93.6,3.9,0.0,0.4,2.1,0.0,2021
Waltham,3080000,       440,81.8,6.6,0.0,0.7,10.9,0.0,2021
Ware,3090000,        72,73.6,15.3,0.0,0.0,11.1,0.0,2021
Wareham,3100000,       105,61.9,19.0,1.0,0.0,18.1,0.0,2021
Watertown,3140000,       194,87.6,4.6,0.0,1.0,6.7,0.0,2021
Wayland,3150000,       232,98.3,0.9,0.4,0.0,0.4,0.0,2021
Webster,3160000,       116,63.8,18.1,0.0,2.6,15.5,0.0,2021
Wellesley,3170000,       391,96.7,3.1,0.0,0.0,0.3,0.0,2021
West Boylston,3220000,        69,94.2,4.3,0.0,0.0,1.4,0.0,2021
West Bridgewater,3230000,       107,96.3,2.8,0.0,0.0,0.9,0.0,2021
West Springfield,3320000,       310,89.7,4.5,0.0,0.3,5.5,0.0,2021
Westborough,3210000,       319,97.2,1.9,0.0,0.0,0.9,0.0,2021
Westfield,3250000,       434,93.3,3.0,0.5,0.2,3.0,0.0,2021
Westford,3260000,       450,97.1,2.2,0.0,0.0,0.7,0.0,2021
Weston,3300000,       167,98.2,1.8,0.0,0.0,0.0,0.0,2021
Westport,3310000,        92,87.0,3.3,2.2,0.0,7.6,0.0,2021
Westwood,3350000,       246,98.0,2.0,0.0,0.0,0.0,0.0,2021
Weymouth,3360000,       460,88.9,7.2,0.2,0.2,3.5,0.0,2021
Whitman-Hanson,7800000,       295,89.8,6.4,0.3,0.0,3.4,0.0,2021
Whittier Regional Vocational Technical,8850000,       270,98.5,0.0,0.0,0.4,1.1,0.0,2021
Wilmington,3420000,       199,95.0,2.5,0.5,0.0,2.0,0.0,2021
Winchendon,3430000,        80,68.8,16.3,0.0,1.3,13.8,0.0,2021
Winchester,3440000,       370,97.8,1.9,0.0,0.0,0.3,0.0,2021
Winthrop,3460000,       155,91.0,0.0,2.6,1.3,5.2,0.0,2021
Woburn,3470000,       327,90.5,5.8,0.0,0.0,3.7,0.0,2021
Worcester,3480000,"     1,886",88.0,6.2,0.1,0.3,5.4,0.0,2021
State Totals,0,"    74,226",89.8,5.1,0.3,0.3,4.6,0.0,2021
Abby Kelley Foster Charter Public (District),4450000,        94,96.8,0.0,0.0,0.0,3.2,0.0,2022
Abington,10000,       159,92.5,3.1,0.0,0.0,4.4,0.0,2022
Academy Of the Pacific Rim Charter Public (District),4120000,        56,98.2,0.0,0.0,0.0,1.8,0.0,2022
Acton-Boxborough,6000000,       463,97.0,1.9,0.0,0.2,0.9,0.0,2022
Advanced Math and Science Academy Charter (District),4300000,       144,98.6,1.4,0.0,0.0,0.0,0.0,2022
Agawam,50000,       232,91.4,2.6,0.0,0.4,5.6,0.0,2022
Amesbury,70000,       136,89.7,2.9,0.0,0.7,6.6,0.0,2022
Amherst-Pelham,6050000,       224,94.2,1.8,0.4,0.0,3.6,0.0,2022
Andover,90000,       410,92.4,7.1,0.0,0.0,0.5,0.0,2022
Argosy Collegiate Charter School (District),35090000,        62,79.0,8.1,0.0,4.8,8.1,0.0,2022
Arlington,100000,       388,95.1,3.6,0.3,0.0,1.0,0.0,2022
Ashburnham-Westminster,6100000,       130,95.4,1.5,0.0,0.8,2.3,0.0,2022
Ashland,140000,       231,97.4,0.4,0.0,0.4,1.7,0.0,2022
Assabet Valley Regional Vocational Technical,8010000,       272,96.3,0.4,0.0,0.0,3.3,0.0,2022
Athol-Royalston,6150000,        82,85.4,6.1,0.0,0.0,8.5,0.0,2022
Atlantis Charter (District),4910000,        77,90.9,1.3,0.0,0.0,5.2,2.6,2022
Attleboro,160000,       484,93.4,3.1,0.0,0.0,3.5,0.0,2022
Auburn,170000,       174,96.0,2.3,0.0,0.6,1.1,0.0,2022
Avon,180000,        42,83.3,11.9,0.0,0.0,4.8,0.0,2022
Ayer Shirley School District,6160000,        81,82.7,4.9,0.0,0.0,12.3,0.0,2022
Barnstable,200000,       349,85.4,8.9,0.3,0.0,5.4,0.0,2022
Baystate Academy Charter Public School (District),35020000,        48,87.5,0.0,2.1,2.1,6.3,2.1,2022
Bedford,230000,       224,98.2,1.3,0.0,0.4,0.0,0.0,2022
Belchertown,240000,       162,90.7,2.5,0.0,1.9,4.9,0.0,2022
Bellingham,250000,       146,87.0,4.8,0.7,1.4,6.2,0.0,2022
Belmont,260000,       347,97.4,2.3,0.0,0.0,0.3,0.0,2022
Berkshire Arts and Technology Charter Public (District),4140000,        43,90.7,4.7,0.0,0.0,4.7,0.0,2022
Berkshire Hills,6180000,       148,92.6,4.7,0.0,0.0,2.7,0.0,2022
Berlin-Boylston,6200000,        75,98.7,0.0,0.0,0.0,1.3,0.0,2022
Beverly,300000,       360,90.3,6.9,0.6,0.3,1.9,0.0,2022
Billerica,310000,       302,95.4,2.0,0.0,0.0,2.6,0.0,2022
Blackstone Valley Regional Vocational Technical,8050000,       296,100.0,0.0,0.0,0.0,0.0,0.0,2022
Blackstone-Millville,6220000,       114,89.5,2.6,1.8,0.9,5.3,0.0,2022
Blue Hills Regional Vocational Technical,8060000,       208,99.5,0.5,0.0,0.0,0.0,0.0,2022
Boston,350000,"     3,593",81.0,11.7,0.0,0.6,6.7,0.0,2022
Boston Collegiate Charter (District),4490000,        80,91.3,7.5,0.0,0.0,1.3,0.0,2022
Boston Day and Evening Academy Charter (District),4240000,       112,5.4,62.5,0.0,1.8,30.4,0.0,2022
Boston Green Academy Horace Mann Charter School (District),4110000,        72,86.1,9.7,0.0,0.0,4.2,0.0,2022
Boston Preparatory Charter Public (District),4160000,        66,87.9,10.6,1.5,0.0,0.0,0.0,2022
Bourne,360000,       114,93.9,1.8,0.0,0.9,3.5,0.0,2022
Braintree,400000,       428,96.3,1.6,0.0,0.0,2.1,0.0,2022
Bridgewater-Raynham,6250000,       374,94.1,2.7,0.0,0.0,2.9,0.3,2022
Bristol County Agricultural,9100000,       100,98.0,0.0,0.0,0.0,2.0,0.0,2022
Bristol-Plymouth Regional Vocational Technical,8100000,       322,96.3,0.3,0.0,0.6,2.8,0.0,2022
Brockton,440000,"     1,141",79.2,10.0,1.6,0.1,9.1,0.0,2022
Brooke Charter School (District),4280000,        69,92.8,4.3,0.0,1.4,1.4,0.0,2022
Brookline,460000,       524,93.9,4.8,0.2,0.0,1.1,0.0,2022
Burlington,480000,       255,93.7,3.9,0.0,0.4,2.0,0.0,2022
Cambridge,490000,       493,92.3,4.9,0.2,0.0,2.6,0.0,2022
Canton,500000,       260,96.9,2.3,0.0,0.4,0.4,0.0,2022
Cape Cod Regional Vocational Technical,8150000,       134,93.3,3.0,0.0,0.0,3.7,0.0,2022
Carver,520000,        73,91.8,5.5,1.4,0.0,1.4,0.0,2022
Central Berkshire,6350000,       116,96.6,0.0,0.0,0.9,2.6,0.0,2022
Chelmsford,560000,       356,94.9,4.8,0.0,0.0,0.3,0.0,2022
Chelsea,570000,       367,66.2,16.6,0.3,0.3,16.6,0.0,2022
Chicopee,610000,       516,85.9,4.7,0.6,0.6,8.3,0.0,2022
City on a Hill Charter Public School (District),4370000,        62,58.1,27.4,0.0,0.0,14.5,0.0,2022
Clinton,640000,       114,93.9,0.0,0.9,0.0,5.3,0.0,2022
Codman Academy Charter Public (District),4380000,        30,93.3,3.3,0.0,0.0,3.3,0.0,2022
Cohasset,650000,       100,100.0,0.0,0.0,0.0,0.0,0.0,2022
Community Charter School of Cambridge (District),4360000,        44,100.0,0.0,0.0,0.0,0.0,0.0,2022
Concord-Carlisle,6400000,       337,98.5,1.5,0.0,0.0,0.0,0.0,2022
Danvers,710000,       208,91.8,3.4,0.0,1.4,3.4,0.0,2022
Dartmouth,720000,       277,94.9,1.8,0.0,0.0,3.2,0.0,2022
Dedham,730000,       173,92.5,4.0,0.0,0.0,3.5,0.0,2022
Dennis-Yarmouth,6450000,       180,85.0,9.4,0.6,0.0,5.0,0.0,2022
Dighton-Rehoboth,6500000,       186,94.1,2.2,0.0,0.0,3.8,0.0,2022
Douglas,770000,        89,92.1,2.2,1.1,1.1,3.4,0.0,2022
Dover-Sherborn,6550000,       165,96.4,3.0,0.0,0.0,0.6,0.0,2022
Dracut,790000,       237,95.8,2.1,0.0,0.4,1.7,0.0,2022
Dudley-Charlton Reg,6580000,       255,93.7,3.9,0.0,0.0,2.4,0.0,2022
Duxbury,820000,       231,97.0,1.7,0.4,0.0,0.9,0.0,2022
East Bridgewater,830000,       162,96.3,1.2,0.0,0.0,2.5,0.0,2022
East Longmeadow,870000,       216,97.2,2.8,0.0,0.0,0.0,0.0,2022
Easthampton,860000,       115,88.7,5.2,0.0,0.0,6.1,0.0,2022
Easton,880000,       287,96.2,2.4,0.3,0.0,1.0,0.0,2022
Edward M. Kennedy Academy for Health Careers (Horace Mann Charter) (District),4520000,        84,100.0,0.0,0.0,0.0,0.0,0.0,2022
Essex North Shore Agricultural and Technical School District,8170000,       376,98.7,0.3,0.0,0.5,0.5,0.0,2022
Everett,930000,       548,81.2,7.5,0.2,0.0,11.1,0.0,2022
Excel Academy Charter (District),4100000,       158,98.7,0.6,0.0,0.6,0.0,0.0,2022
Fairhaven,940000,       161,90.7,3.7,0.0,0.0,5.6,0.0,2022
Fall River,950000,       647,78.8,4.9,0.6,1.4,14.2,0.0,2022
Falmouth,960000,       214,87.9,2.8,0.0,0.9,8.4,0.0,2022
Fitchburg,970000,       388,85.3,6.7,0.8,0.5,6.7,0.0,2022
Four Rivers Charter Public (District),4130000,        37,91.9,0.0,0.0,5.4,2.7,0.0,2022
Foxborough,990000,       198,94.4,3.5,0.0,0.5,1.5,0.0,2022
Foxborough Regional Charter (District),4460000,        83,97.6,2.4,0.0,0.0,0.0,0.0,2022
Framingham,1000000,       614,84.7,7.0,0.3,0.2,7.7,0.2,2022
Francis W. Parker Charter Essential (District),4780000,        54,87.0,9.3,0.0,1.9,1.9,0.0,2022
Franklin,1010000,       441,97.3,1.8,0.0,0.0,0.9,0.0,2022
Franklin County Regional Vocational Technical,8180000,       123,90.2,2.4,0.0,0.0,7.3,0.0,2022
Freetown-Lakeville,6650000,       151,98.0,1.3,0.7,0.0,0.0,0.0,2022
Frontier,6700000,       102,88.2,6.9,0.0,0.0,4.9,0.0,2022
Gardner,1030000,       188,80.3,12.8,0.5,0.5,5.9,0.0,2022
Gateway,6720000,        44,95.5,0.0,0.0,0.0,4.5,0.0,2022
Georgetown,1050000,        97,94.8,1.0,1.0,1.0,2.1,0.0,2022
Gill-Montague,6740000,        44,72.7,4.5,0.0,0.0,22.7,0.0,2022
Global Learning Charter Public (District),4960000,        32,93.8,0.0,0.0,0.0,6.3,0.0,2022
Gloucester,1070000,       225,85.8,6.2,0.4,0.4,7.1,0.0,2022
Grafton,1100000,       239,95.4,2.9,0.0,0.8,0.8,0.0,2022
Granby,1110000,        66,97.0,1.5,0.0,1.5,0.0,0.0,2022
Greater Commonwealth Virtual District,39010000,       166,49.4,14.5,0.6,4.2,31.3,0.0,2022
Greater Fall River Regional Vocational Technical,8210000,       353,97.5,0.8,0.0,0.0,1.7,0.0,2022
Greater Lawrence Regional Vocational Technical,8230000,       385,98.2,0.3,0.0,0.0,1.6,0.0,2022
Greater Lowell Regional Vocational Technical,8280000,       530,96.0,1.9,0.6,0.2,1.3,0.0,2022
Greater New Bedford Regional Vocational Technical,8250000,       490,96.7,0.8,0.0,0.0,2.4,0.0,2022
Greenfield,1140000,       118,86.4,2.5,0.0,0.8,10.2,0.0,2022
Groton-Dunstable,6730000,       195,95.9,3.1,0.0,0.5,0.5,0.0,2022
Hadley,1170000,        38,97.4,0.0,0.0,0.0,2.6,0.0,2022
Hamilton-Wenham,6750000,       133,95.5,0.8,0.8,0.0,3.0,0.0,2022
Hampden Charter School of Science East (District),4990000,        54,98.1,1.9,0.0,0.0,0.0,0.0,2022
Hampden Charter School of Science West (District),35160000,        30,86.7,6.7,0.0,0.0,6.7,0.0,2022
Hampden-Wilbraham,6800000,       291,95.5,1.7,0.0,0.7,2.1,0.0,2022
Hampshire,6830000,       139,94.2,2.2,0.0,0.7,2.9,0.0,2022
Hanover,1220000,       184,96.7,2.7,0.0,0.0,0.5,0.0,2022
Harvard,1250000,        94,97.9,1.1,1.1,0.0,0.0,0.0,2022
Hatfield,1270000,        42,95.2,0.0,2.4,0.0,2.4,0.0,2022
Haverhill,1280000,       449,82.2,7.6,0.0,0.7,9.6,0.0,2022
Hingham,1310000,       319,96.6,2.8,0.0,0.3,0.3,0.0,2022
Holbrook,1330000,        62,87.1,4.8,0.0,0.0,8.1,0.0,2022
Holliston,1360000,       216,96.3,1.4,0.5,0.0,1.9,0.0,2022
Holyoke,1370000,       399,74.9,10.8,0.5,0.0,13.8,0.0,2022
Hoosac Valley Regional,6030000,        72,84.7,1.4,4.2,1.4,8.3,0.0,2022
Hopedale,1380000,        84,95.2,1.2,2.4,0.0,1.2,0.0,2022
Hopkinton,1390000,       297,98.0,1.3,0.0,0.0,0.7,0.0,2022
Hudson,1410000,       168,87.5,5.4,0.0,0.6,6.5,0.0,2022
Hull,1420000,        70,88.6,4.3,0.0,2.9,4.3,0.0,2022
Innovation Academy Charter (District),4350000,        87,88.5,5.7,0.0,1.1,4.6,0.0,2022
Ipswich,1440000,       143,90.9,4.9,0.7,0.7,2.8,0.0,2022
King Philip,6900000,       336,94.3,2.1,0.3,0.0,3.3,0.0,2022
KIPP Academy Lynn Charter (District),4290000,       119,95.0,1.7,0.0,0.0,3.4,0.0,2022
Lawrence,1490000,       886,82.4,9.4,0.6,0.2,7.4,0.0,2022
Lee,1500000,        56,98.2,1.8,0.0,0.0,0.0,0.0,2022
Leicester,1510000,       138,94.2,2.2,0.0,0.0,3.6,0.0,2022
Lenox,1520000,        67,97.0,3.0,0.0,0.0,0.0,0.0,2022
Leominster,1530000,       469,92.8,2.8,1.1,0.2,3.2,0.0,2022
Lexington,1550000,       587,96.1,2.9,0.0,0.0,1.0,0.0,2022
Lincoln-Sudbury,6950000,       407,96.6,2.2,0.0,0.5,0.7,0.0,2022
Littleton,1580000,       103,96.1,3.9,0.0,0.0,0.0,0.0,2022
Longmeadow,1590000,       242,97.5,1.2,0.0,0.4,0.8,0.0,2022
Lowell,1600000,       839,78.2,8.6,1.4,0.8,11.0,0.0,2022
Lowell Middlesex Academy Charter (District),4580000,        20,25.0,55.0,0.0,0.0,20.0,0.0,2022
Ludlow,1610000,       234,88.0,1.3,0.9,0.9,9.0,0.0,2022
Lunenburg,1620000,       119,95.8,3.4,0.0,0.0,0.8,0.0,2022
Lynn,1630000,"     1,424",83.1,4.5,0.2,0.1,12.1,0.0,2022
Lynnfield,1640000,       142,97.2,0.7,0.7,0.7,0.7,0.0,2022
Ma Academy for Math and Science,4680000,        40,100.0,0.0,0.0,0.0,0.0,0.0,2022
Malden,1650000,       469,87.4,4.5,0.0,0.2,7.9,0.0,2022
Manchester Essex Regional,6980000,       126,98.4,0.8,0.0,0.0,0.8,0.0,2022
Mansfield,1670000,       278,95.3,2.5,0.0,0.4,1.8,0.0,2022
Map Academy Charter School (District),35170000,        65,24.6,69.2,1.5,0.0,4.6,0.0,2022
Marblehead,1680000,       249,97.6,1.6,0.0,0.0,0.8,0.0,2022
Marlborough,1700000,       282,85.1,5.3,0.4,0.0,9.2,0.0,2022
Marshfield,1710000,       320,97.5,1.3,0.0,0.0,1.3,0.0,2022
Martha's Vineyard,7000000,       159,84.3,5.0,1.9,0.0,8.8,0.0,2022
Martha's Vineyard Charter (District),4660000,        19,68.4,15.8,0.0,5.3,10.5,0.0,2022
Masconomet,7050000,       289,96.5,2.1,0.3,0.0,1.0,0.0,2022
Mashpee,1720000,       108,93.5,2.8,0.9,0.0,2.8,0.0,2022
MATCH Charter Public School (District),4690000,        74,90.5,5.4,0.0,0.0,4.1,0.0,2022
Maynard,1740000,       100,90.0,3.0,0.0,1.0,6.0,0.0,2022
Medfield,1750000,       196,97.4,2.0,0.0,0.0,0.5,0.0,2022
Medford,1760000,       313,91.4,3.8,0.0,0.0,4.8,0.0,2022
Medway,1770000,       179,96.6,2.2,0.0,0.0,1.1,0.0,2022
Melrose,1780000,       245,97.1,0.8,0.0,0.0,2.0,0.0,2022
Mendon-Upton,7100000,       171,98.2,1.8,0.0,0.0,0.0,0.0,2022
Methuen,1810000,       535,91.0,4.5,0.2,0.2,4.1,0.0,2022
Middleborough,1820000,       213,93.9,2.8,0.5,0.5,2.3,0.0,2022
Milford,1850000,       321,84.7,5.6,0.0,0.6,9.0,0.0,2022
Millbury,1860000,       103,88.3,6.8,0.0,1.0,3.9,0.0,2022
Millis,1870000,        78,93.6,2.6,0.0,0.0,3.8,0.0,2022
Milton,1890000,       283,94.0,3.9,0.0,0.4,1.8,0.0,2022
Minuteman Regional Vocational Technical,8300000,       123,93.5,0.8,0.0,0.0,5.7,0.0,2022
Mohawk Trail,7170000,        42,88.1,0.0,0.0,2.4,9.5,0.0,2022
Monomoy Regional School District,7120000,       136,91.9,2.2,0.0,0.7,5.1,0.0,2022
Monson,1910000,        71,94.4,1.4,0.0,0.0,4.2,0.0,2022
Montachusett Regional Vocational Technical,8320000,       335,95.8,1.8,0.0,0.0,2.4,0.0,2022
Mount Greylock,7150000,        71,97.2,2.8,0.0,0.0,0.0,0.0,2022
Mystic Valley Regional Charter (District),4700000,        61,100.0,0.0,0.0,0.0,0.0,0.0,2022
Nantucket,1970000,       136,92.6,2.2,0.7,0.0,4.4,0.0,2022
Narragansett,7200000,        74,90.5,4.1,0.0,0.0,5.4,0.0,2022
Nashoba,7250000,       252,95.6,2.4,0.0,0.4,1.6,0.0,2022
Nashoba Valley Regional Vocational Technical,8520000,       174,96.6,0.6,0.0,0.6,2.3,0.0,2022
Natick,1980000,       382,95.3,2.6,0.3,0.3,1.6,0.0,2022
Nauset,6600000,       217,95.4,2.8,0.0,0.0,1.8,0.0,2022
Needham,1990000,       446,98.0,0.9,0.7,0.0,0.4,0.0,2022
Neighborhood House Charter (District),4440000,        61,75.4,13.1,0.0,3.3,8.2,0.0,2022
New Bedford,2010000,       742,75.1,3.1,1.8,0.3,19.8,0.0,2022
New Heights Charter School of Brockton (District),35130000,       107,92.5,4.7,0.0,0.0,2.8,0.0,2022
Newburyport,2040000,       178,96.6,1.7,0.0,0.6,1.1,0.0,2022
Newton,2070000,"     1,044",96.2,3.3,0.0,0.1,0.5,0.0,2022
Norfolk County Agricultural,9150000,       144,98.6,0.0,0.0,0.0,1.4,0.0,2022
North Adams,2090000,        83,89.2,2.4,1.2,0.0,7.2,0.0,2022
North Andover,2110000,       362,97.5,1.7,0.0,0.0,0.8,0.0,2022
North Attleborough,2120000,       278,93.5,4.3,0.4,0.0,1.8,0.0,2022
North Brookfield,2150000,        33,72.7,9.1,0.0,3.0,15.2,0.0,2022
North Middlesex,7350000,       222,92.3,5.0,0.0,0.5,2.3,0.0,2022
North Reading,2170000,       167,98.2,1.2,0.0,0.6,0.0,0.0,2022
Northampton,2100000,       224,96.4,1.8,0.0,0.4,1.3,0.0,2022
Northampton-Smith Vocational Agricultural,4060000,       115,94.8,0.0,0.0,0.0,5.2,0.0,2022
Northboro-Southboro,7300000,       329,97.6,1.2,0.0,0.0,1.2,0.0,2022
Northbridge,2140000,       153,86.3,3.9,0.7,1.3,7.8,0.0,2022
Northeast Metropolitan Regional Vocational Technical,8530000,       315,98.4,0.0,0.0,0.0,1.6,0.0,2022
Northern Berkshire Regional Vocational Technical,8510000,       107,94.4,0.0,0.0,0.0,5.6,0.0,2022
Norton,2180000,       167,95.2,3.0,0.0,0.0,1.8,0.0,2022
Norwell,2190000,       164,98.8,0.6,0.0,0.0,0.6,0.0,2022
Norwood,2200000,       268,95.5,3.7,0.4,0.0,0.4,0.0,2022
Old Colony Regional Vocational Technical,8550000,       127,99.2,0.0,0.0,0.0,0.8,0.0,2022
Old Rochester,7400000,       199,95.5,2.5,0.0,0.0,2.0,0.0,2022
Oxford,2260000,        96,86.5,6.3,0.0,0.0,7.3,0.0,2022
Palmer,2270000,        76,88.2,2.6,0.0,0.0,9.2,0.0,2022
Pathfinder Regional Vocational Technical,8600000,       147,84.4,5.4,0.0,0.0,10.2,0.0,2022
Paulo Freire Social Justice Charter School (District),35010000,        66,66.7,22.7,0.0,1.5,9.1,0.0,2022
Peabody,2290000,       383,84.3,8.6,0.3,0.0,6.8,0.0,2022
Pembroke,2310000,       203,95.6,4.4,0.0,0.0,0.0,0.0,2022
Pentucket,7450000,       185,97.3,1.1,0.0,0.5,1.1,0.0,2022
Phoenix Academy Public Charter High School Lawrence (District),35180000,        60,16.7,40.0,0.0,1.7,41.7,0.0,2022
Phoenix Academy Public Charter High School Springfield (District),35080000,        83,13.3,36.1,0.0,0.0,50.6,0.0,2022
Phoenix Charter Academy (District),4930000,        52,7.7,40.4,0.0,0.0,51.9,0.0,2022
Pioneer Charter School of Science (District),4940000,        53,98.1,1.9,0.0,0.0,0.0,0.0,2022
Pioneer Charter School of Science II (PCSS-II) (District),35060000,        59,100.0,0.0,0.0,0.0,0.0,0.0,2022
Pioneer Valley,7500000,        27,96.3,0.0,0.0,0.0,3.7,0.0,2022
Pioneer Valley Chinese Immersion Charter (District),4970000,        39,100.0,0.0,0.0,0.0,0.0,0.0,2022
Pioneer Valley Performing Arts Charter Public (District),4790000,        61,96.7,1.6,0.0,1.6,0.0,0.0,2022
Pittsfield,2360000,       420,84.3,6.4,0.0,0.7,8.6,0.0,2022
Plymouth,2390000,       573,96.2,1.9,0.0,0.2,1.7,0.0,2022
Prospect Hill Academy Charter (District),4870000,        62,85.5,11.3,0.0,0.0,3.2,0.0,2022
Quabbin,7530000,       171,83.6,7.6,0.0,0.6,8.2,0.0,2022
Quaboag Regional,7780000,        87,83.9,1.1,0.0,1.1,13.8,0.0,2022
Quincy,2430000,       754,93.6,3.3,0.5,0.1,2.3,0.1,2022
Ralph C Mahar,7550000,        94,80.9,7.4,0.0,0.0,11.7,0.0,2022
Randolph,2440000,       163,79.1,12.9,1.8,0.0,6.1,0.0,2022
Reading,2460000,       299,99.0,0.7,0.0,0.0,0.3,0.0,2022
Revere,2480000,       547,78.4,9.7,0.0,0.2,11.7,0.0,2022
Rising Tide Charter Public (District),4830000,        79,96.2,1.3,0.0,0.0,2.5,0.0,2022
Rockland,2510000,       160,86.3,6.3,0.0,0.0,7.5,0.0,2022
Rockport,2520000,        62,93.5,1.6,3.2,0.0,1.6,0.0,2022
Roxbury Preparatory Charter (District),4840000,       131,87.0,4.6,0.8,0.8,6.9,0.0,2022
Salem,2580000,       249,75.9,11.6,0.0,0.4,12.0,0.0,2022
Salem Academy Charter (District),4850000,        65,96.9,3.1,0.0,0.0,0.0,0.0,2022
Sandwich,2610000,       173,94.8,2.9,0.0,0.6,1.7,0.0,2022
Saugus,2620000,       188,87.2,3.7,0.5,0.5,8.0,0.0,2022
Scituate,2640000,       259,97.3,2.3,0.0,0.0,0.4,0.0,2022
Seekonk,2650000,       169,94.1,4.1,0.0,0.6,1.2,0.0,2022
Sharon,2660000,       311,93.2,6.4,0.0,0.0,0.3,0.0,2022
Shawsheen Valley Regional Vocational Technical,8710000,       321,97.5,0.9,0.0,0.0,1.6,0.0,2022
Shrewsbury,2710000,       465,97.6,0.9,0.0,0.2,1.3,0.0,2022
Silver Lake,7600000,       265,97.4,0.4,0.0,0.0,2.3,0.0,2022
Sizer School: A North Central Charter Essential (District),4740000,        45,86.7,2.2,0.0,0.0,11.1,0.0,2022
Somerset Berkley Regional School District,7630000,       244,93.9,2.9,0.4,0.0,2.9,0.0,2022
Somerville,2740000,       341,87.7,5.9,0.0,0.0,6.5,0.0,2022
South Hadley,2780000,       144,96.5,0.7,0.0,0.7,2.1,0.0,2022
South Middlesex Regional Vocational Technical,8290000,       199,89.4,4.5,2.0,0.5,3.5,0.0,2022
South Shore Charter Public (District),4880000,        65,92.3,3.1,0.0,1.5,3.1,0.0,2022
South Shore Regional Vocational Technical,8730000,       155,96.1,1.3,0.0,0.6,1.9,0.0,2022
Southbridge,2770000,       131,71.0,7.6,0.0,0.0,21.4,0.0,2022
Southeastern Regional Vocational Technical,8720000,       352,98.0,1.1,0.0,0.0,0.9,0.0,2022
Southern Berkshire,7650000,        48,93.8,0.0,0.0,2.1,4.2,0.0,2022
Southern Worcester County Regional Vocational School District,8760000,       278,98.2,0.7,0.0,0.0,1.1,0.0,2022
Southwick-Tolland-Granville Regional School District,7660000,       116,98.3,0.9,0.0,0.0,0.9,0.0,2022
Spencer-E Brookfield,7670000,        68,72.1,7.4,0.0,4.4,16.2,0.0,2022
Springfield,2810000,"     1,776",84.6,5.9,0.0,0.3,9.2,0.0,2022
Springfield International Charter (District),4410000,        93,94.6,3.2,0.0,1.1,1.1,0.0,2022
Stoneham,2840000,       142,92.3,4.2,0.0,0.0,3.5,0.0,2022
Stoughton,2850000,       240,90.0,5.8,0.0,0.0,4.2,0.0,2022
Sturgis Charter Public (District),4890000,       209,99.0,0.5,0.0,0.5,0.0,0.0,2022
Sutton,2900000,        97,91.8,3.1,0.0,2.1,3.1,0.0,2022
Swampscott,2910000,       194,98.5,0.5,0.0,0.0,1.0,0.0,2022
Swansea,2920000,       129,95.3,0.0,0.0,0.0,4.7,0.0,2022
Tantasqua,7700000,       295,92.9,4.1,0.3,0.3,2.4,0.0,2022
Taunton,2930000,       559,92.5,3.8,0.0,0.2,3.6,0.0,2022
TEC Connections Academy Commonwealth Virtual School District,39020000,       540,48.9,15.6,0.2,3.3,31.9,0.2,2022
Tewksbury,2950000,       236,93.2,5.1,0.0,0.0,1.7,0.0,2022
Tri-County Regional Vocational Technical,8780000,       231,97.4,1.3,0.0,0.0,1.3,0.0,2022
Triton,7730000,       151,87.4,2.0,0.0,2.6,7.9,0.0,2022
Tyngsborough,3010000,       135,93.3,3.0,0.0,0.7,3.0,0.0,2022
Upper Cape Cod Regional Vocational Technical,8790000,       172,99.4,0.0,0.0,0.0,0.6,0.0,2022
Uxbridge,3040000,       121,82.6,10.7,0.0,1.7,5.0,0.0,2022
Wachusett,7750000,       491,93.5,3.1,0.2,0.6,2.6,0.0,2022
Wakefield,3050000,       240,97.1,1.3,0.4,0.8,0.4,0.0,2022
Walpole,3070000,       284,95.1,4.2,0.0,0.0,0.7,0.0,2022
Waltham,3080000,       432,81.0,7.2,0.2,0.0,11.6,0.0,2022
Ware,3090000,        67,77.6,11.9,0.0,0.0,10.4,0.0,2022
Wareham,3100000,       125,74.4,12.0,0.0,0.0,13.6,0.0,2022
Watertown,3140000,       166,88.0,5.4,0.0,0.6,6.0,0.0,2022
Wayland,3150000,       197,98.5,1.0,0.0,0.0,0.5,0.0,2022
Webster,3160000,       118,72.9,10.2,0.0,0.8,16.1,0.0,2022
Wellesley,3170000,       340,95.9,3.5,0.0,0.0,0.6,0.0,2022
West Boylston,3220000,        84,96.4,0.0,0.0,0.0,3.6,0.0,2022
West Bridgewater,3230000,       103,96.1,0.0,0.0,0.0,3.9,0.0,2022
West Springfield,3320000,       287,90.6,2.8,0.3,0.0,6.3,0.0,2022
Westborough,3210000,       299,94.6,4.7,0.0,0.3,0.3,0.0,2022
Westfield,3250000,       428,90.0,3.0,0.2,0.2,6.5,0.0,2022
Westford,3260000,       398,97.0,1.8,0.0,0.0,1.3,0.0,2022
Weston,3300000,       165,95.2,3.6,0.0,0.0,1.2,0.0,2022
Westport,3310000,        75,89.3,4.0,0.0,1.3,5.3,0.0,2022
Westwood,3350000,       251,98.8,0.8,0.4,0.0,0.0,0.0,2022
Weymouth,3360000,       489,88.3,5.5,0.0,0.6,5.5,0.0,2022
Whitman-Hanson,7800000,       294,88.4,7.8,0.0,0.0,3.7,0.0,2022
Whittier Regional Vocational Technical,8850000,       291,98.3,0.0,0.0,0.0,1.7,0.0,2022
Wilmington,3420000,       214,93.5,2.3,0.0,0.5,3.7,0.0,2022
Winchendon,3430000,        72,76.4,11.1,0.0,0.0,12.5,0.0,2022
Winchester,3440000,       339,93.8,5.6,0.0,0.0,0.6,0.0,2022
Winthrop,3460000,       153,91.5,2.0,0.0,0.0,6.5,0.0,2022
Woburn,3470000,       335,93.1,2.4,0.0,0.0,4.5,0.0,2022
Worcester,3480000,"     1,874",87.7,4.7,0.7,0.4,6.4,0.0,2022
State Totals,0,"    73,901",90.1,4.6,0.2,0.3,4.8,0.0,2022
